Core,Coring device,Latitude,Longitude,Water depth (m),Ocean,Sample depth - upper (m),Laboratory,Publication,added by (name),date of addition,Orbulina universa,Globigerinoides conglobatus,Globigerinoides ruber (pink),Globigerinoides ruber (white),Globigerinoides ruber total,Globoturborotalita tenella,Globigerinoides sacculifer w/o sac,Globigerinoides sacculifer with sac,Globigerinoides sacc total,Sphaeroidinella dehiscens,Globigerinella adamsi,Globigerinella siphonifera (=aequilateralis),Globigerinella calida,Globigerina bulloides,Globigerina falconensis,Beela digitata,Globoturborotalita rubescens,Turborotalita humilis,Turborotalita quinqueloba,Neogloboquadrina pachyderma L,Neogloboquadrina pachyderma R,Neogloboquadrina dutertrei,P/D integrade + N. pachyderma R,Globoquadrina conglomerata,Globorotaloides hexagonus,Pulleniatina obliquiloculata,Globorotalia inflata,Globorotalia truncatulinoides L,Globorotalia truncatulinoides R,Globorotalia truncatulinoides total,Globorotalia crassaformis,Globorotalia crassula,Globorotalia hirsuta,Globorotalia scitula,Dentagloborotalia anfracta,Globorotalia menardii,Globorotalia tumida,Globorotalia menardii flexuosa,Globorotalia menardii + tumida,Candeina nitida ,Globigerinita glutinata,Globorotalia theyeri,Tenuitella iota,Berggrenia pumilio + T. humilis,Globigerinita uvula,Other ID,Other UnID,Total Planktics,Datatype
GeoB1008-3,,-6.5823,10.3186,-3124,South Atlantic,2.18,Bremen,Niebler et al. (in press),M.W.,May-03,13.63,0,1.54,1.48,3.02,0,0.87,0.13,1,0,,0.13,0,40.77,0,0,0.07,0,0.54,0,11.69,7.39,11.69,0,0,0,19.14,0,0,0,1.14,,0,1.07,0,0,0,0,0,0,0.4,0,0,0,,0,,669,3
GeoB1008-3,,-6.5823,10.3186,-3124,South Atlantic,2.23,Bremen,Niebler et al. (in press),M.W.,May-03,6.01,0,6.49,2.11,8.6,0,0.65,0.16,0.81,0,,0.32,0.81,17.21,0,2.27,0,0,0.97,0,14.94,8.28,14.94,0,0,0,33.12,0.16,0.16,0.32,1.62,,0,1.79,0,0,0,0,0,0,2.27,0.65,0,0,,0,,479,3
GeoB1008-3,,-6.5823,10.3186,-3124,South Atlantic,2.28,Bremen,Niebler et al. (in press),M.W.,May-03,7.62,0,4.04,0.75,4.79,0,0.75,0.45,1.2,0,,0,0,35.13,0,1.2,0.6,0,0,0.3,8.97,4.78,8.97,0,0,0,29.75,0,0.15,0.15,0.75,,0,2.54,0,0.15,0,0,0.15,0,1.94,0.15,0,0,,0,,504,3
GeoB1008-3,,-6.5823,10.3186,-3124,South Atlantic,2.33,Bremen,Niebler et al. (in press),M.W.,May-03,9.26,0,3.97,1.65,5.62,0,0.77,0.77,1.54,0,,0.66,0,19.96,0,0,0,0,0,0,18.52,5.51,18.52,0,0,0,31.97,0,0.11,0.11,2.09,,0,2.98,0,0,0,0,0,0.11,0.66,0.99,0,0,,0,,477,3
GeoB1008-3,,-6.5823,10.3186,-3124,South Atlantic,2.38,Bremen,Niebler et al. (in press),M.W.,May-03,5.91,0,5.68,7.27,12.95,0,1.14,0,1.14,0,,0.68,0.23,20,0,0,0,0,0.45,0.91,17.73,1.82,17.73,0,0,0,31.59,0,0.23,0.23,2.5,,0,2.05,0,0,0,0,0,0.23,0.68,0.91,0,0,,0,,325,3
GeoB1008-3,,-6.5823,10.3186,-3124,South Atlantic,2.43,Bremen,Niebler et al. (in press),M.W.,May-03,13.43,0,7.79,7.3,15.09,0,1.99,0.17,2.16,0,,1.33,0,27.53,0,0,0,0,0,0,16.25,2.82,16.25,0,0,0,10.95,0,0.17,0.17,1,,0,4.64,0,0,0,0,0,0.17,1.99,2.49,0,0,,0,,386,3
GeoB1008-3,,-6.5823,10.3186,-3124,South Atlantic,2.48,Bremen,Niebler et al. (in press),M.W.,May-03,19.81,0.47,3.77,11.79,15.56,0,3.77,0.47,4.24,0,,1.89,1.42,21.23,0,0.47,0,0,0.47,0,8.96,0.47,8.96,0,0,0.47,11.79,0,0.47,0.47,1.89,,0,2.83,0,0.47,0,0,0.47,0,1.89,5.19,0,0,,0,,212,3
GeoB1008-3,,-6.5823,10.3186,-3124,South Atlantic,2.53,Bremen,Niebler et al. (in press),M.W.,May-03,8.59,0,2.83,5.11,7.94,0,3.8,0.65,4.45,0,,0.54,0.22,38.59,0,0.98,0.87,0,0.22,0.43,11.52,3.7,11.52,0,0,0.11,8.8,0,0,0,5.54,,0,5.11,0,0,0,0,0,0,1.09,1.3,0,0,,0,,612,3
GeoB1008-3,,-6.5823,10.3186,-3124,South Atlantic,2.58,Bremen,Niebler et al. (in press),M.W.,May-03,14.25,0,9.18,8.94,18.12,0,1.93,0,1.93,0,,2.66,0.48,27.29,0,1.45,0,0,0.24,0,5.31,1.21,5.31,0,0,0,15.7,0,0,0,6.52,,0,2.9,0,0,0,0,0,0,0.48,1.45,0,0,,0,,414,3
GeoB1008-3,,-6.5823,10.3186,-3124,South Atlantic,2.63,Bremen,Niebler et al. (in press),M.W.,May-03,10.93,0,2.15,2.81,4.96,0,0.5,0.17,0.67,0,,0.17,0.5,40.4,0,0.17,0.5,0,0,0.66,13.91,1.66,13.91,0,0,0.17,19.87,0,0,0,2.48,,0,1.49,0,0,0,0,0,0.17,0.17,1.16,0,0,,0,,604,3
GeoB1016-3,,-11.7705,11.6819,-3411,South Atlantic,0.73,Bremen,Niebler et al. (in press),M.W.,May-03,13.63,0,1.36,0.84,2.2,0.26,0.9,0.13,1.03,0,,0,0.32,24.68,0.26,3.23,0.52,0,0.26,0.26,8.85,4.07,8.85,0,0,0,26.81,0,0,0,1.49,,0,7.88,0,0,0,0,0,0,1.36,2.91,0,0,,0,,696,3
GeoB1016-3,,-11.7705,11.6819,-3411,South Atlantic,0.78,Bremen,Niebler et al. (in press),M.W.,May-03,8.67,0,4.34,3.47,7.81,0,6.07,4.62,10.69,0.87,,1.16,0,7.23,0,2.31,0.58,0,0.29,0,8.09,7.23,8.09,0,0,0,32.95,0,0,0,1.16,,0,1.73,0,2.31,0.87,0,3.18,0,4.05,2.02,0,0,,0,,346,3
GeoB1016-3,,-11.7705,11.6819,-3411,South Atlantic,0.88,Bremen,Niebler et al. (in press),M.W.,May-03,21.29,0,5.08,5.47,10.55,0,0.59,0.39,0.98,0,,0.59,0,8.01,0,0.78,0.2,0,0,0.39,21.88,4.49,21.88,0,0,0,23.83,0,0,0,1.17,,0,1.76,0,0,0,0,0,0,1.17,2.93,0,0,,0,,393,3
GeoB1028-5,,-20.104,9.1858,-2209,South Atlantic,0.93,Bremen,Niebler et al. (in press),M.W.,May-03,0.69,0,0,1.18,1.18,0,0,0,0,0,,0.12,0.02,29.36,0,0.25,0.5,0,3.96,16.22,29.47,0.74,29.72,0,0,0,11.53,0.02,0.17,0.19,0.5,,0.2,0.99,0,0,0,0,0,0,3.84,0,0,0,,0,,469,3
GeoB1028-5,,-20.104,9.1858,-2209,South Atlantic,0.98,Bremen,Niebler et al. (in press),M.W.,May-03,1.7,0,0,0.4,0.4,0,0,0,0,0,,0.7,4,28.3,2.2,0,0.1,0,3.4,13.5,29.9,0.9,29.9,0,0,0.4,7.3,0.1,1,1.1,1.3,,0.6,0,0,0,0,0,0,0,1.3,0,0,0,,0,,,1
GeoB1028-5,,-20.104,9.1858,-2209,South Atlantic,1.03,Bremen,Niebler et al. (in press),M.W.,May-03,4.06,0,0,0.55,0.55,0,0,0,0,0,,0.52,0.6,28.89,0,0,0,0,1.11,13.26,32.06,1.04,32.82,0,0,0,9.07,0,0.35,0.35,0.14,,0.01,1.11,0,0,0,0,0,0,6.49,0,0,0,,0,,650,3
GeoB1028-5,,-20.104,9.1858,-2209,South Atlantic,1.08,Bremen,Niebler et al. (in press),M.W.,May-03,12.6,0,0,0.6,0.6,0,0,0,0,0,,0.3,5.1,17.8,4.4,0.1,0.6,0,1.1,8.9,32.3,0.6,32.3,0,0,0,7.2,0.6,0.2,0.8,1.7,,0,0,0,0,0,0,0,0,2.4,0,0,0,,0,,,1
GeoB1031-4,,-21.88,7.1017,-3105,South Atlantic,0.28,Bremen,Niebler et al. (in press),M.W.,May-03,3.35,0.28,0.99,4.38,5.37,0,0,0,0,0,,0.28,1.13,14.84,1.13,1.27,1.13,0,3.96,6.22,25.72,4.24,28.26,0,0,0,18.24,0.87,0.92,1.79,0,,0.44,0,0,0,0,0,0,0,8.06,0,0,0,,0,,420,3
GeoB1031-4,,-21.88,7.1017,-3105,South Atlantic,0.33,Bremen,Niebler et al. (in press),M.W.,May-03,2.82,0.15,0.73,2.27,3,1.17,0,0.01,0.01,0,,0.58,3.57,21.52,0.73,0,0,0,1.75,2.48,35.59,0.88,36.17,0,0,0,15.17,1.91,0.94,2.85,0,,1.04,0.88,0,0,0,0,0,0,5.25,0,0,0,,0,,543,3
GeoB1101-5,,1.6583,-10.98,-4588,South Atlantic,0.33,Bremen,Niebler et al. (in press),M.W.,May-03,1.76,0.35,0.35,9.59,9.94,0,3.87,10.64,14.51,0,,2.2,0.35,2.64,0.09,0.53,0,0,0,0,13.98,38.79,13.98,0,0,4.4,5.72,0,0.53,0.53,3.87,,0,0,0,0.18,0,0,0.18,0,0.18,0,0,0,,0,,636,3
GeoB1101-5,,1.6583,-10.98,-4588,South Atlantic,0.38,Bremen,Niebler et al. (in press),M.W.,May-03,2.48,0.78,0,4.17,4.17,0.13,6,7.56,13.56,0,,1.96,0.13,2.35,0,0.13,0,0,0,0,10.82,35.33,10.82,0,0,5.87,19.17,0,0.65,0.65,0.91,,0,0,0,0,0,0,0,0,0.13,1.43,0,0,,0,,559,3
GeoB1105-4,,-1.665,-12.4283,-3225,South Atlantic,0.78,Bremen,Niebler et al. (in press),M.W.,May-03,1.63,0,0,10.95,10.95,0.65,2.02,1.2,3.22,0,,1.2,0.44,19.17,0.87,0,2.61,0,0,0.44,14.71,7.3,15.36,0,0,0,23.97,0.11,1.47,1.58,2.34,,0,0.87,0,0,0,0,0,0,7.41,0,0,0,,0,,495,3
GeoB1105-4,,-1.665,-12.4283,-3225,South Atlantic,0.83,Bremen,Niebler et al. (in press),M.W.,May-03,1.18,0,3.5,4.66,8.16,0.36,1.75,2.59,4.34,0,,1.34,1.79,15.51,2.51,0,0,0,0,0.36,21.24,4.02,22.32,0,0,0,25.91,0,0.9,0.9,0.63,,0,0.72,0,0,0,0,0,0,9.41,0,0,0,,0,,,1
GeoB1105-4,,-1.665,-12.4283,-3225,South Atlantic,0.93,Bremen,Niebler et al. (in press),M.W.,May-03,0.87,0,0.92,7.48,8.4,0.34,1.53,1.12,2.65,0,,0.76,2.18,9.91,1.68,0,0.67,0,0,0,28.9,2.93,31.5,0,0,0,20.93,0,0.43,0.43,7.32,,0,0.67,0,0,0,0,0,0,8.07,0,0,0,,0,,,1
GeoB1105-4,,-1.665,-12.4283,-3225,South Atlantic,1.03,Bremen,Niebler et al. (in press),M.W.,May-03,1.57,0,1.13,5.16,6.29,0.25,6.48,1.07,7.55,0,,2.28,0.5,11.71,3.53,0,0.5,0,0,0.25,27.46,6.1,28.59,0,0,0,14.36,0,0.76,0.76,4.29,,0,0,0,0,0,0,0,0,10.96,0,0,0,,0,,,1
GeoB1112-4,,-5.7783,-10.75,-3125,South Atlantic,0.48,Bremen,Niebler et al. (in press),M.W.,May-03,2.47,0.25,1.23,12.95,14.18,0,7.27,4.32,11.59,0,,3.58,0,14.67,0.74,0.25,0.99,0,0,0.25,13.81,5.43,16.03,0,0,0.12,20.72,0,0.99,0.99,1.97,,0,0.12,0,0,0,0,0,0,5.67,0,0,0,,0,,587,3
GeoB1112-4,,-5.7783,-10.75,-3125,South Atlantic,0.53,Bremen,Niebler et al. (in press),M.W.,May-03,3.2,0.06,13.65,7.48,21.13,0.45,5.24,3.06,8.3,0,,2.1,0.68,14.28,0.91,0,0.91,0,0,0,17,3,17.45,0,0,0.93,18.58,0,0.96,0.96,2.52,,0,0.45,0,0,0,0,0,0,3.4,0,0,0,,0,,,1
GeoB1112-4,,-5.7783,-10.75,-3125,South Atlantic,0.58,Bremen,Niebler et al. (in press),M.W.,May-03,5.13,0.15,1.61,13.93,15.54,0,6.45,3.81,10.26,0,,2.93,0.88,13.2,0.44,0.29,0.15,0,0.59,0.29,11.58,6.01,13.93,0,0,0,20.97,0.15,1.47,1.62,2.35,,0,0,0,0,0,0,0,0,5.28,0,0,0,,0,,590,3
GeoB1115-4,,-3.5583,-12.58,-2921,South Atlantic,0.63,Bremen,Niebler et al. (in press),M.W.,May-03,3.05,0.1,3.46,11.51,14.97,0.31,3.97,2.34,6.31,0,,1.32,0.41,17.92,0,0.2,0.92,0,0.41,0.31,12.32,7.03,12.32,0,0,0.2,25.25,0,1.02,1.02,0.61,,0,0.61,0,0,0,0,0,0,6.01,0.71,0,0,,0,,690,3
GeoB1115-4,,-3.5583,-12.58,-2921,South Atlantic,0.68,Bremen,Niebler et al. (in press),M.W.,May-03,3.32,0,5.49,11.29,16.78,0,3.73,2.18,5.91,0,,1.76,0.93,20.62,0,0,0.31,0,0,0,4.87,14.51,4.87,0,0,0,21.04,0,0.52,0.52,1.76,,0.21,1.24,0,0,0,0,0,0,6.11,0.1,0,0,,0,,617,3
GeoB1117-2,,-3.815,-14.8967,-3984,South Atlantic,0.53,Bremen,Niebler et al. (in press),M.W.,May-03,2.54,0,2.28,14.47,16.75,0.25,19.8,0,19.8,0,,3.3,1.02,8.12,0,0,1.02,0,0,2.54,11.42,9.64,15.48,0,0,1.02,7.36,0,2.03,2.03,2.54,,0,0.25,0,0,0.25,0,0.25,0.25,5.84,0,0,0,,0,,394,3
GeoB1117-2,,-3.815,-14.8967,-3984,South Atlantic,0.58,Bremen,Niebler et al. (in press),M.W.,May-03,2.28,0,2.61,10.42,13.03,0.65,6.51,0,6.51,0,,2.61,1.3,8.14,0,0,2.6,0,6.51,0.33,6.84,6.51,11.73,0,0,2.61,19.87,0,3.26,3.26,2.28,,0,0,0,0.98,0,0,0.98,0,8.79,0,0,0,,0,,307,3
GeoB1117-2,,-3.815,-14.8967,-3984,South Atlantic,0.63,Bremen,Niebler et al. (in press),M.W.,May-03,1.91,0,0.09,6.44,6.53,0.87,5.48,1.57,7.05,0,,2,0,9.92,0.35,0.09,0.35,0,0,0.17,20.28,6.53,22.19,0,0,0,31.77,0,1.74,1.74,3.48,,0,0.35,0,0,0,0,0,0,4.7,0,0,0,,0,,593,3
GeoB1214-1,,-24.69,7.24,-3210,South Atlantic,0.23,Bremen,Niebler et al. (in press),M.W.,May-03,1.5,0,0,7.88,7.88,1.16,1.24,0.06,1.3,0.02,,1.32,0.29,19.21,0,0.26,1.68,0,1.03,3.36,30.37,0.39,31.4,0,0,0,15.83,2.37,0.24,2.61,0.53,,0.57,0.16,0,0,0,0,0,0,8.95,0,0.52,0,,0,,654,3
GeoB1214-1,,-24.69,7.24,-3210,South Atlantic,0.28,Bremen,Niebler et al. (in press),M.W.,May-03,1.3,0,0,7.66,7.66,0.35,0,0.15,0.15,0,,1.45,0.09,20.13,0.35,0.17,1.9,0,2.42,3.63,34.9,0.11,35.33,0,0,0,15.59,1.21,0.54,1.75,0.28,,0.87,0.76,0,0,0,0,0,0,5.71,0,0,0,,0,,688,3
GeoB1220-1,,-24.0333,5.3067,-2265,South Atlantic,0.33,Bremen,Niebler et al. (in press),M.W.,May-03,3.31,0.6,7.9,0,7.9,0,0.1,0,0.1,0,,1.02,1.8,17,0.8,0,1.6,0.8,0,3.4,36.21,0,36.21,0,0,0,12.8,3.31,2.43,5.74,0.2,,1.01,0.9,0,0,0,0,0,0,4.8,0,0,0.8,,0,,355,3
GeoB1220-1,,-24.0333,5.3067,-2265,South Atlantic,0.38,Bremen,Niebler et al. (in press),M.W.,May-03,2.11,0,9.06,0,9.06,0.85,0,0,0,0,,1.28,0.64,18.34,1.71,0,3.41,0,0,4.91,26.87,0,26.87,0,0,0,16.1,7.1,0.13,7.23,0.85,,0.87,1.07,0,0,0,0,0,0,4.69,0,0,0,,0,,395,3
GeoB1306-1,,-35.2067,-26.765,-4057,South Atlantic,0.19,Bremen,Niebler et al. (in press),M.W.,May-03,0.2,0.03,0,4.7,4.7,0,0,0,0,0,,0.1,0.01,14.02,0.1,0,0,0,0,0.41,60.78,0.1,60.78,0,0,0,13.99,3.23,0.05,3.28,0.01,,1.47,0,0.41,0,0,0,0,0,0.41,0,0,0,,0,,729,3
GeoB1309-2,,-31.6667,-28.6667,-3963,South Atlantic,0.18,Bremen,Niebler et al. (in press),M.W.,May-03,1.54,1.33,0.23,21.73,21.96,0.91,0.23,0.35,0.58,0,,0.46,7.55,4.8,8,0.46,1.83,0,0,0,16.47,0,17.16,0,0,0,13.62,11.23,0.6,11.83,0,,3.29,3.09,0,0,0,0,0,0,1.6,0,0,0,,0,,,1
GeoB1312-2,,-31.6617,-29.6567,-3436,South Atlantic,0.13,Bremen,Niebler et al. (in press),M.W.,May-03,1.19,0.7,0.94,27.12,28.06,0.5,1.45,0.5,1.95,0,,1.71,12.33,0.63,4.38,0,2.07,0,0,0.75,11.27,0,11.27,0,0,0,13.78,9.24,0.94,10.18,0,,2.68,5.07,0,0,0,0,0,0,2.75,0,0,0,,0,,,1
GeoB1701-4,,1.95,3.5517,-4162,South Atlantic,0.98,Bremen,Niebler et al. (in press),M.W.,May-03,3.17,0.18,16.39,7.31,23.7,0.18,3.44,1.67,5.11,0,,2.91,0.79,2.2,0,0.79,0.7,0.18,0,0,4.05,28.28,4.05,0,0,0,12.42,0,0,0,5.9,,0,0.62,0,0,0,0,0,0,7.75,1.06,0,0.18,,0,,645,3
GeoB1701-4,,1.95,3.5517,-4162,South Atlantic,1.03,Bremen,Niebler et al. (in press),M.W.,May-03,2.45,0.52,19.83,12.15,31.98,0.13,3.62,2.2,5.82,0,,2.71,0.26,2.58,0.13,0.71,2.2,0,0.13,0.13,2.07,25.78,2.07,0,0,0,10.34,0,0.19,0.19,2.65,,0.39,1.23,0,0,0.13,0,0.13,0,7.17,0.32,0,0,,0,,906,3
GeoB1701-4,,1.95,3.5517,-4162,South Atlantic,1.08,Bremen,Niebler et al. (in press),M.W.,May-03,2.07,0.47,14.21,14.77,28.98,0,2.16,3.86,6.02,0,,2.73,0.85,3.86,0.38,0.75,1.88,0,0,0,3.39,25.49,3.39,0,0,0,8.94,0,0,0,2.73,,0.28,0.75,0,0,0,0,0,0,9.69,0.75,0,0,,0,,724,3
GeoB1701-4,,1.95,3.5517,-4162,South Atlantic,1.13,Bremen,Niebler et al. (in press),M.W.,May-03,3.16,0,15.63,3.95,19.58,0,5.27,4.39,9.66,0,,3.6,0.35,1.84,0,0.09,2.81,0,0,0.53,13.43,23.27,13.43,0,0,0,15.54,0,0,0,3.51,,0,1.14,0,0,0,0,0,0,1.49,0,0,0,,0,,667,3
GeoB1701-4,,1.95,3.5517,-4162,South Atlantic,1.18,Bremen,Niebler et al. (in press),M.W.,May-03,2.92,0.24,9.98,9.73,19.71,0,4.14,1.7,5.84,0,,3.41,0,4.38,0,0,0.97,0.24,0,0.24,18.73,24.09,18.73,0,0,0,10.22,0,0,0,4.38,,0,1.22,0,0,0,0,0,0,3.41,0,0,0.24,,0,,411,3
GeoB1706-2,,-19.5617,11.175,-980,South Atlantic,1.23,Bremen,Niebler et al. (in press),M.W.,May-03,1.26,0,0,0,0,1.67,0,0,0,0,,0.42,0,15.48,0.42,0,0.42,0,6.69,51.46,8.79,0,8.79,0,0,0,3.77,0,0,0,1.26,,0,0,0,0,0,0,0,0,7.53,0,0,0,,0,,,1
GeoB1706-2,,-19.5617,11.175,-980,South Atlantic,1.28,Bremen,Niebler et al. (in press),M.W.,May-03,0.55,0,0,1.1,1.1,2.21,0,0,0,0,,0.55,0,7.73,0,0,0,0,3.31,58.56,20.99,0,20.99,0,0,0,1.66,0,0,0,0,,0.55,0,0,0,0,0,0,0,2.76,0,0,0,,0,,,1
GeoB1706-2,,-19.5617,11.175,-980,South Atlantic,1.33,Bremen,Niebler et al. (in press),M.W.,May-03,0.85,0,0,0,0,0,0,0,0,0,,0,0,9.75,0,0,0,0,3.39,66.95,13.98,0,13.98,0,0,0,0.42,0,0,0,0.42,,0,0,0,0,0,0,0,0,3.81,0,0,0,,0.42,,,1
GeoB1706-2,,-19.5617,11.175,-980,South Atlantic,1.38,Bremen,Niebler et al. (in press),M.W.,May-03,0.49,0,0,0,0,0.99,0,0,0,0,,0.99,0,6.4,0.49,0,0.49,0,2.46,64.04,16.26,0,16.26,0,0,0,1.48,0,0,0,0.99,,0,0,0,0,0,0,0,0,3.94,0,0,0,,0,,,1
GeoB1711-4,,-23.315,12.3767,-1967,South Atlantic,1.73,Bremen,Niebler et al. (in press),M.W.,May-03,0,0,0,0.3,0.3,0,0,0,0,0,,0,0,8,0,0,0,0,4.2,70.8,11.5,4.2,11.5,0,0,0,0.7,0,0,0,0,,0,0,0,0,0,0,0,0,0.3,0,0,0,,0,,,1
GeoB1711-4,,-23.315,12.3767,-1967,South Atlantic,1.78,Bremen,Niebler et al. (in press),M.W.,May-03,0,0,0,0,0,0,0,0,0,0,,0,0,14.1,0,0,0,0,4.3,61.6,11.8,6.7,11.8,0,0,0,0.8,0,0,0,0.4,,0,0,0,0,0,0,0,0,0.4,0,0,0,,0,,,1
GeoB1711-4,,-23.315,12.3767,-1967,South Atlantic,1.83,Bremen,Niebler et al. (in press),M.W.,May-03,0,0,0,0,0,0,0,0,0,0,,0,0,8.7,0,0,0,0,4,66.1,14.4,5.1,14.4,0,0.4,0,0.7,0.4,0,0.4,0,,0,0,0,0,0,0,0,0,0.4,0,0,0,,0,,,1
GeoB1711-4,,-23.315,12.3767,-1967,South Atlantic,1.88,Bremen,Niebler et al. (in press),M.W.,May-03,0,0,0,0.3,0.3,0,0,0,0,0,,0,0,4.9,0,0,0,0,6.3,61.6,13.1,10.1,13.1,0,0,0,1.9,0,0,0,0,,0,0.3,0,0,0,0,0,0,1.1,0,0,0,,0,,,1
GeoB1711-4,,-23.315,12.3767,-1967,South Atlantic,1.93,Bremen,Niebler et al. (in press),M.W.,May-03,0,0,0,0,0,0,0,0,0,0,,0,0,8.9,0.3,0,0,0,8.6,58.3,8,10.1,8,0,0,0,4,0.3,0,0.3,0,,0,0,0,0,0,0,0,0,0.9,0,0,0,,0,,,1
GeoB1711-4,,-23.315,12.3767,-1967,South Atlantic,1.98,Bremen,Niebler et al. (in press),M.W.,May-03,0.3,0,0,0.3,0.3,0,0,0,0,0,,0.3,0,8.4,0,0,0,0,4.7,58.7,16.8,6.8,16.8,0,0,0,2.4,0.3,0,0.3,0,,0,0.5,0,0,0,0,0,0,0.3,0,0,0,,0,,,1
GeoB1711-4,,-23.315,12.3767,-1967,South Atlantic,2.03,Bremen,Niebler et al. (in press),M.W.,May-03,0,0,0,0,0,0,0,0,0,0,,0,0,9.3,0,0,0,0,0.7,61.9,18.9,6.5,18.9,0,0,0,0.7,0.3,0,0.3,0,,0,0,0,0,0,0,0,0,1,0,0,0,,0,,,1
GeoB1711-4,,-23.315,12.3767,-1967,South Atlantic,2.08,Bremen,Niebler et al. (in press),M.W.,May-03,0,0,0,0,0,0.2,0,0,0,0,,0,0,7.4,0.2,0,0,0,3,65.4,15.3,2.6,15.3,0,0.7,0.2,0.9,0.2,0,0.2,0,,0,0.7,0,0,0,0,0,0,1.9,0,0,0,,0.2,,,1
GeoB1711-4,,-23.315,12.3767,-1967,South Atlantic,2.13,Bremen,Niebler et al. (in press),M.W.,May-03,0,0,0,0,0,0.3,0,0,0,0,,0,0,5.8,0,0,0,0,2.9,63.1,21.5,3.4,21.5,0,0,0,0.5,0,0,0,0,,0,0,0,0,0,0,0,0,1.3,0,0,0,,0,,,1
GeoB1711-4,,-23.315,12.3767,-1967,South Atlantic,2.18,Bremen,Niebler et al. (in press),M.W.,May-03,0,0,0,0,0,0,0,0,0,0,,0,0,19,0.7,0,0,0,0,51.8,21.9,5.8,21.9,0,0,0,0,0,0,0,0,,0,0,0,0,0,0,0,0,0.7,0,0,0,,0,,,1
GeoB1711-4,,-23.315,12.3767,-1967,South Atlantic,2.23,Bremen,Niebler et al. (in press),M.W.,May-03,0,0,0,0.3,0.3,0,0,0,0,0,,0,0,6.8,0,0.3,0,0,7.1,61.5,17.4,4.3,17.4,0,0,0,0.3,0,0,0,0,,0,0.6,0,0,0,0,0,0,0.9,0,0,0,,0,,,1
GeoB1711-4,,-23.315,12.3767,-1967,South Atlantic,2.28,Bremen,Niebler et al. (in press),M.W.,May-03,0.4,0,0,0,0,0,0.4,0,0.4,0,,0,0,12.4,0,0,0,0,5.4,53.7,19.8,4.5,19.8,0,0,0,1.2,0,0,0,0,,0,0.4,0,0,0,0,0,0,1.2,0,0,0,,0,,,1
GeoB1711-4,,-23.315,12.3767,-1967,South Atlantic,2.33,Bremen,Niebler et al. (in press),M.W.,May-03,0.4,0,0,0,0,0,0,0,0,0,,0,0,13.3,0,0,0,0,5.9,48.4,20.7,6.3,20.7,0,0,0,3.1,0,0,0,0,,0,0,0,0,0,0,0,0,1.2,0,0,0,,0,,,1
GeoB1711-4,,-23.315,12.3767,-1967,South Atlantic,2.38,Bremen,Niebler et al. (in press),M.W.,May-03,0.5,0,0,0.5,0.5,0,0,0,0,0,,0,0,10.4,0,0,0,0,5,56.3,23,2.3,23,0,0.5,0,0.5,0,0,0,0,,0,0.5,0,0,0,0,0,0,0,0,0,0,,0,,,1
GeoB1711-4,,-23.315,12.3767,-1967,South Atlantic,2.43,Bremen,Niebler et al. (in press),M.W.,May-03,0,0,0,0.5,0.5,0,0,0,0,0,,0,0,6,0,0,0,0,0.5,70.4,18.1,2,18.1,0,0.5,0,0.5,0,0,0,0,,0,0.5,0,0,0,0,0,0,0,0,0,0,,0,,,1
GeoB1711-4,,-23.315,12.3767,-1967,South Atlantic,2.48,Bremen,Niebler et al. (in press),M.W.,May-03,0,0,0,0,0,0,0,0,0,0,,0,0,8.6,0,0,0,0,3.2,55.6,19.4,9.2,19.4,0,0,0,0.6,1,0,1,0,,0,0.3,0,0,0,0,0,0,1.6,0,0,0,,0,,,1
GeoB1711-4,,-23.315,12.3767,-1967,South Atlantic,2.53,Bremen,Niebler et al. (in press),M.W.,May-03,0,0,0,0,0,0,0,0,0,0,,0,0,14.2,0,0,0,0,3.1,55.9,19.5,4.2,19.5,0,0,0,1.5,0.4,0,0.4,0.4,,0,0,0,0,0,0,0,0,0.8,0,0,0,,0,,,1
GeoB1722-1,,-29.45,11.75,-3973,South Atlantic,0.23,Bremen,Niebler et al. (in press),M.W.,May-03,0.73,0,0,3.31,3.31,0,0.47,0,0.47,0,,1.04,0,12.23,0,0,1.26,0,0.16,1.73,39.09,2.26,40.39,0,0,0,25.35,4.48,0,4.48,0.16,,0.9,0.64,0,0.16,0,0,0.16,0,4.73,0,0,0,,0,,550,3
GeoB1722-1,,-29.45,11.75,-3973,South Atlantic,0.28,Bremen,Niebler et al. (in press),M.W.,May-03,0.56,0,0,5.39,5.39,0,0.07,0.1,0.17,0,,0.3,0.39,9.48,0,0.33,0.52,0,1.03,1.55,61.65,0.91,62.49,0,0,0,13.75,0.65,0.06,0.71,0.16,,0.7,0,0,0,0,0,0,0,1.55,0,0,0,,0,,602,3
GeoB2004-2,,-30.87,14.3433,-2569,South Atlantic,0.68,Bremen,Niebler et al. (in press),M.W.,May-03,0.68,0,0,2.29,2.29,0.22,1.29,0,1.29,0,,2.13,0.01,11.92,0,0,0,0.44,1.31,0,59.91,2.84,59.91,0,0,0,10.38,0,2.54,2.54,0.01,,0.87,0.22,0,0.03,0,0,0.03,0,2.94,0,0,0.44,,0,,818,3
GeoB2004-2,,-30.87,14.3433,-2569,South Atlantic,0.73,Bremen,Niebler et al. (in press),M.W.,May-03,1.44,0,0,3.01,3.01,0,0.12,0,0.12,0,,1.48,0.18,13.96,0,0,0.69,0,0.46,0,60.83,0.64,60.83,0,0,0,12.14,0,2.41,2.41,0.06,,0.51,0.64,0,0.06,0,0,0.06,0,1.39,0,0,0,,0,,680,3
GeoB2004-2,,-30.87,14.3433,-2569,South Atlantic,0.78,Bremen,Niebler et al. (in press),M.W.,May-03,0.59,0,0,1.52,1.52,0,0.25,0.11,0.36,0,,0.32,0.77,11.83,0,0,1.07,0.15,0.46,0.31,69.88,0.35,69.88,0,0,0,9.57,1.16,0.1,1.26,0.04,,0.53,0.46,0,0,0,0,0,0,0.54,0,0,0.15,,0,,985,3
GeoB2016-1,,-31.9,-1.33,-3385,South Atlantic,0.18,Bremen,Niebler et al. (in press),M.W.,May-03,0.64,0.01,0,8.13,8.13,0,0,0,0,0,,1.64,0,33.1,1.83,0.11,1.14,0,0,0.69,20.34,0,20.34,0,0,0,14.29,9.03,0.11,9.14,0.29,,3.01,1.06,0.46,0,0,0,0,0,3.89,0,0.23,0,,0,,688,3
GeoB2019-1,,-36.06,-8.7783,-3825,South Atlantic,0.33,Bremen,Niebler et al. (in press),M.W.,May-03,0.24,0,0,1.49,1.49,0,0,0,0,0,,0,0,34,0,0,0.37,0,3.55,2.89,29.95,0,30.32,0,0,0,18.49,4.19,0,4.19,0.42,,1.36,0.09,0.37,0,0,0,0,0,2.19,0,0,0,,0,,718,3
GeoB2021-5,,-36.8333,-14.4033,-3575,South Atlantic,0.13,Bremen,Niebler et al. (in press),M.W.,May-03,0.77,0,0,0.49,0.49,0,0,0,0,0,,0,0,26.89,0,0.2,0,0,6.34,6.14,27.72,0.1,27.82,0,0,0,20.38,4.78,0,4.78,0.49,,0.36,0.2,0,0,0,0,0,0,5.05,0,0,0,,0,,693,3
GeoB1903-3,,-8.675,-11.845,-3161,South Atlantic,0.48,Bremen,Niebler et al. (in press),M.W.,May-03,2.72,1.15,6.59,16.04,22.63,0,7.31,6.3,13.61,0,,3.72,0.57,4.15,0.14,0.57,4.44,0.29,0,0,3.87,13.04,3.87,0,0,0,8.6,0,3.87,3.87,1,,0,1.72,0,0,0,0,0,0.14,13.47,0.29,0,0.29,,0,,626,3
GeoB1903-3,,-8.675,-11.845,-3161,South Atlantic,0.53,Bremen,Niebler et al. (in press),M.W.,May-03,2.47,0.95,3.8,13.39,17.19,0,7.41,7.12,14.53,0,,3.13,1.9,4.84,0.38,0.47,2.18,0.19,0,0,11.02,9.31,11.02,0,0,0,12.06,0,4.46,4.46,2.47,,0,2.18,0,0,0,0,0,0,9.21,1.04,0,0.19,,0,,798,3
GeoB1903-3,,-8.675,-11.845,-3161,South Atlantic,0.58,Bremen,Niebler et al. (in press),M.W.,May-03,2.27,1.16,4.3,16.41,20.71,0.12,8.67,5,13.67,0,,2.97,4.3,4.25,0.12,0.17,6.4,0.12,0.35,0.12,13.03,6.98,13.03,0,0,0,8.84,0,2.68,2.68,3.26,,0,0.87,0,0,0,0,0,0,7.62,0,0,0.12,,0,,1122,3
GeoB1905-3,,-17.1433,-13.9867,-2974,South Atlantic,0.38,Bremen,Niebler et al. (in press),M.W.,May-03,1.07,0.6,2.27,32.62,34.89,3.1,5.19,1.28,6.47,0,,3.16,0.33,9.31,0.24,0.24,6.2,0.24,0,0,1.01,0.3,1.01,0,0,0.72,8.98,1.97,3.22,5.19,0.63,,0,2.39,0,0.75,0,0,0.75,0.12,13.97,0,0,0.24,,0.09,,827,3
GeoB1905-3,,-17.1433,-13.9867,-2974,South Atlantic,0.43,Bremen,Niebler et al. (in press),M.W.,May-03,1.11,0.61,5.42,37.57,42.99,0.5,9.28,1.17,10.45,0,,2.63,2.32,3.26,0.42,0.67,13.8,0.33,0,0,0.75,0.02,0.75,0,0,0.36,7.84,2.15,2.34,4.49,1.23,,0,1,0,0.54,0.08,0,0.62,0.15,4.43,0,0,0.33,,0,,1061,3
GeoB1501-4,,-3.6783,-32.0067,-4257,South Atlantic,0.33,Bremen,Niebler et al. (in press),M.W.,May-03,1.42,0,1.57,28.51,30.08,0,11.81,13.7,25.51,0,,3.46,0.16,1.57,0,0,0,0,0,0,5.04,7.72,5.04,0,0,0,2.52,0,14.96,14.96,0.31,,0,0,0,0.47,0,0,0.47,0,5.98,0.79,0,0,,0,,545,3
GeoB1501-4,,-3.6783,-32.0067,-4257,South Atlantic,0.38,Bremen,Niebler et al. (in press),M.W.,May-03,0.78,0.35,0.17,29.13,29.3,0,19.97,13.31,33.28,0,,2.25,0.78,1.64,0,0.17,0,0.17,0,0,5.27,8.56,5.27,0,0,0,1.9,0,8.38,8.38,1.38,,0,0.35,0,0,0,0,0,0,5.1,0.35,0,0.17,,0,,678,3
GeoB1503-1,,2.3117,-30.6467,-2306,South Atlantic,0.28,Bremen,Niebler et al. (in press),M.W.,May-03,0.22,0.16,6.48,16.42,22.9,0.65,6.02,2.75,8.77,0,,1.14,0.98,4.52,4.47,0.76,4.36,0,0.44,0,9.91,13.1,9.91,0,0,0.14,2.31,0.22,5.55,5.77,0.79,,0,1.01,0,0.14,0,0,0.14,0.49,16.99,0,0,0,,0,,761,3
GeoB1503-1,,2.3117,-30.6467,-2306,South Atlantic,0.33,Bremen,Niebler et al. (in press),M.W.,May-03,0.25,0.25,6.25,20.93,27.18,0.62,4.64,3.34,7.98,0,,1.11,0.5,8.17,1.36,0.06,4.71,0,0,0,11.52,10.4,12.02,0,0,0.06,3.41,0.31,3.28,3.59,2.17,,0,1.49,0,0,0.19,0,0.19,0,14.49,0,0,0,,0,,741,3
GeoB1505-1,,2.27,-33.01,-3705,South Atlantic,0.48,Bremen,Niebler et al. (in press),M.W.,May-03,0.17,0.35,0,34.03,34.03,0,8.29,4.69,12.98,0,,1.22,0,3.99,0.35,0.26,1.39,0,0,0.35,9.2,9.29,10.15,0,0,0.09,2.56,0.09,6.21,6.3,2.39,,0,0,0.17,0,0,0,0,0.09,13.89,0,0,0,,0,,901,3
GeoB1505-1,,2.27,-33.01,-3705,South Atlantic,0.53,Bremen,Niebler et al. (in press),M.W.,May-03,0.71,0.71,0,32.35,32.35,0.24,12.51,4.25,16.76,0,,1.42,0,2.6,0.94,0.35,0,0,0,0,8.26,9.92,9.56,0,0,0.47,3.54,0.12,6.85,6.97,2.36,,0,0.71,0,0.12,0.24,0,0.36,0.12,9.92,0,0,0,,0,,715,3
GeoB1508-4,,5.3333,-34.025,-3682,South Atlantic,0.28,Bremen,Niebler et al. (in press),M.W.,May-03,0.99,0.2,2.87,31.58,34.45,0,19.31,10.5,29.81,0,,5.15,1.09,0.2,0,0.1,1.78,0,0,0.2,2.38,7.13,2.38,0,0,0,0,0,3.47,3.47,1.78,,0,1.19,0,0,0,0,0,0.3,9.8,0,0,0,,0,,572,3
GeoB1515-1,,4.2383,-43.6667,-3129,South Atlantic,0.48,Bremen,Niebler et al. (in press),M.W.,May-03,0.94,0.43,0.51,38.86,39.37,0.29,17.51,7.74,25.25,0,,1.88,0,1.16,0,0.14,1.45,0,0,0,1.95,3.55,2.24,0,0,0,0,0.22,7.45,7.67,2.03,,0,0.29,0,0,0,0,0,0,13.31,0,0,0,,0,,542,3
GeoB1515-1,,4.2383,-43.6667,-3129,South Atlantic,0.53,Bremen,Niebler et al. (in press),M.W.,May-03,2.39,0.18,7.3,37.03,44.33,0,12.64,5.08,17.72,0,,2.04,0,0.95,2.01,0,1.42,0,0,0,0,2.95,0,0.71,0,0.98,0,0,10.57,10.57,1.95,,0,0,0,0,0.47,0,0.47,0,11.34,0,0,0,,0,,,1
GeoB1515-1,,4.2383,-43.6667,-3129,South Atlantic,0.63,Bremen,Niebler et al. (in press),M.W.,May-03,4.03,0.16,4.82,40.59,45.41,0,12.89,4.51,17.4,0,,3.04,2.07,1.82,0.93,0,0.93,0,0,0,1.24,3.39,1.24,0.1,0,0.66,0.1,0,9.2,9.2,1.18,,0,0,0,0,0,0,0,0,8.36,0,0,0,,0,,,1
GeoB1523-1,,3.8317,-41.6217,-3292,South Atlantic,0.38,Bremen,Niebler et al. (in press),M.W.,May-03,0.36,0.56,1.75,38.64,40.39,0.95,15.9,6.56,22.46,0,,1.43,1.27,0.32,1.43,0.16,0.96,0,0,0,4.29,3.18,4.29,0,0,0,0,0.16,9.52,9.68,0.48,,0,0,0,0,0,0,0,0.16,11.93,0,0,0,,0,,,1
GeoB1523-1,,3.8317,-41.6217,-3292,South Atlantic,0.43,Bremen,Niebler et al. (in press),M.W.,May-03,0.35,0.31,2.08,37.46,39.54,0.55,15.83,6.95,22.78,0,,1.39,4.58,0,0,1.39,0.69,0,0,0,0.97,1.27,1.54,0,0,0.47,0,0,9.88,9.88,1.25,,0,0,0,1.11,0,0,1.11,0,12.9,0,0,0,,0,,,1
GeoB2109-1,,-27.9117,-45.8817,-2504,South Atlantic,0.48,Bremen,Niebler et al. (in press),M.W.,May-03,0.11,0.17,0,39.7,39.7,0.46,3.81,0.34,4.15,0,,1.88,0,3.64,1.14,0.28,4.1,0,0,0.23,2.96,0.8,3.19,0,0,0,10.52,6.2,1.19,7.39,0.34,,1.19,1.37,0.46,0,0,0,0,0.46,18.43,0,0,0,,0,,421,3
GeoB2109-1,,-27.9117,-45.8817,-2504,South Atlantic,0.53,Bremen,Niebler et al. (in press),M.W.,May-03,0.26,0.39,0.13,41.54,41.67,0,3.04,0.26,3.3,0,,1.68,0.06,6.59,0,0,5.68,0,0,0,2.58,0.13,3.1,0,0,0,9.82,6.78,2.45,9.23,0.26,,1.81,0.45,0,0,0,0,0,0.32,15.25,0,0,0,,0,,361,3
GeoB2109-1,,-27.9117,-45.8817,-2504,South Atlantic,0.58,Bremen,Niebler et al. (in press),M.W.,May-03,0.4,0.72,3.69,25.76,29.45,0,2.92,0.81,3.73,0,,0.58,0,4.86,0.9,0,5.4,0,0,0,4.32,0.22,4.32,0,0,0,16.41,7.73,1.62,9.35,0,,1.35,1.53,0.72,0,0,0,0,0.63,19.42,0,0,0,,0,,520,3
GeoB2109-1,,-27.9117,-45.8817,-2504,South Atlantic,0.63,Bremen,Niebler et al. (in press),M.W.,May-03,0.15,0.49,3.43,38.49,41.92,0,1.66,0.34,2,0,,0.64,0,3.92,0,0.15,9.79,0,0,0,3.16,0.15,3.31,0,0,0,10.62,7.08,2.18,9.26,0.23,,1.02,0.9,0.3,0,0,0,0,0.38,14.76,0,0,0,,0,,600,3
GeoB2116-4,,-25.5117,-35.9983,-4167,South Atlantic,0.28,Bremen,Niebler et al. (in press),M.W.,May-03,0.78,15.4,0,6.27,6.27,0,10.97,1.57,12.54,0,,0,0,3.39,0,1.04,0,0,0,0,4.18,1.31,4.18,0,0,0,18.8,24.8,5.74,30.54,1.04,,2.35,0,0,1.04,0.26,0,1.3,0,1.04,0,0,0,,0,,200,3
GeoB2117-1,,-23.0383,-36.6517,-4045,South Atlantic,0.23,Bremen,Niebler et al. (in press),M.W.,May-03,0.73,2.7,0,63.42,63.42,0,4.63,1.65,6.28,0,,0.64,0.08,8.22,0,0.97,2.58,0,0,0,0.81,0.16,0.81,0,0,0,7.49,1.37,2.58,3.95,0.32,,0.16,0,0,0,0.12,0,0.12,0.08,1.29,0,0,0,,0,,464,3
GeoB2125-1,,-20.8233,-39.8633,-1503,South Atlantic,0.33,Bremen,Niebler et al. (in press),M.W.,May-03,0.2,0.2,8.17,39.28,47.45,0.91,3.46,0.71,4.17,0,,1.23,1.74,1.94,0.91,0.23,4.11,0,0,0,1.14,1.54,1.14,0,0,0,2.43,0.17,0.77,0.94,1,,0.06,0.46,0,0,0,0,0,0.2,29.08,0,0,0,,0.06,,598,3
GeoB2125-1,,-20.8233,-39.8633,-1503,South Atlantic,0.38,Bremen,Niebler et al. (in press),M.W.,May-03,0.36,0.38,7.21,42.15,49.36,0,2.19,0.67,2.86,0,,0.2,0.56,1.43,1.07,0,5.37,0.72,0,0,0.72,1.48,0.72,0,0,0.02,4.36,0.2,1.25,1.45,0.31,,0,0.02,0,0,0,0,0,0.34,28.83,0,0,0.72,,0.16,,678,3
GeoB2202-4,,-8.1983,-34.265,-1156,South Atlantic,0.78,Bremen,Niebler et al. (in press),M.W.,May-03,0.2,0.49,10.48,55.85,66.33,0,5.6,1.33,6.93,0,,2.02,0.69,0.23,0,0.52,2.83,0,0,0,0,0.26,0,0,0,0,0.12,0.58,1.82,2.4,0.43,,0,1.16,0,0,0,0,0,0.95,14.27,0,0,0,,0.17,,808,3
GeoB2202-4,,-8.1983,-34.265,-1156,South Atlantic,0.83,Bremen,Niebler et al. (in press),M.W.,May-03,0.63,1.01,8.44,51.77,60.21,0.25,5.79,3.4,9.19,0,,2.39,0.63,0.13,0,0,3.53,0,0,0,0,0.88,0,0,0,0,0.13,0.13,2.77,2.9,0.13,,0,0.76,0,0,0,0,0,2.9,13.35,0,0,0,,1.01,,794,3
GeoB2202-4,,-8.1983,-34.265,-1156,South Atlantic,0.88,Bremen,Niebler et al. (in press),M.W.,May-03,0.33,0.36,7.9,51.06,58.96,0,6.33,1.15,7.48,0,,0.58,1.03,0.67,0,0.33,6.18,0,0,0.12,0.03,0.15,0.03,0,0,0.12,0.61,0,1.27,1.27,0.94,,0,0.97,0,0.12,0,0,0.12,1.3,17.32,0,0,0,,1.12,,793,3
GeoB2202-4,,-8.1983,-34.265,-1156,South Atlantic,0.93,Bremen,Niebler et al. (in press),M.W.,May-03,0.35,0.55,7.82,52.15,59.97,0,5.16,0.81,5.97,0,,1.61,1.36,0.73,0,0,7.05,0,0,0.15,0,0.18,0,0,0,0,0,0,0.75,0.75,0.62,,0,0.59,0,0.29,0,0,0.29,1.6,18.13,0,0,0,,0.11,,695,3
GeoB2204-2,,-8.5283,-34.0217,-2072,South Atlantic,0.33,Bremen,Niebler et al. (in press),M.W.,May-03,0.37,0.72,5.46,56.95,62.41,0.45,7.18,3.71,10.89,0.06,,1.75,1.69,0.06,0.45,0.56,0.9,0,0,0,0.11,0.29,0.11,0,0,0,0.11,0,3.64,3.64,0.34,,0,0,0,0,0,0,0,1,14.2,0,0,0,,0,,,1
GeoB2204-2,,-8.5283,-34.0217,-2072,South Atlantic,0.38,Bremen,Niebler et al. (in press),M.W.,May-03,0.82,0.98,7.09,53.39,60.48,0.41,5.47,2.44,7.91,0,,4.74,2.36,0,0.82,0.62,2.05,0,0,0,1.23,0.22,1.23,0,0,0,0,0,1.95,1.95,0.1,,0,0.82,0,0,0,0,0,1.46,12.53,0,0,0,,0.5,,,1
GeoB2215-10,,0.0067,-23.495,-3711,South Atlantic,0.43,Bremen,Niebler et al. (in press),M.W.,May-03,0.32,0.22,0.65,16.24,16.89,0,7.85,3.17,11.02,0,,1.56,0,9.03,1.29,0.65,1.72,0,0.22,0.43,21.18,9.95,22.47,0,0,0,7.58,0.43,4.57,5,1.34,,0,0,0.65,0,0,0,0,0,9.68,0,0,0,,0,,747,3
GeoB2215-10,,0.0067,-23.495,-3711,South Atlantic,0.48,Bremen,Niebler et al. (in press),M.W.,May-03,0.17,0.85,0.51,6.66,7.17,0,7.34,3.58,10.92,0,,0.51,0,3.58,0,0,0.34,0,0.34,0.17,23.21,18.94,25.26,0,0,0,11.6,0.68,11.26,11.94,2.39,,0,0,0,0,0,0,0,0,5.8,0,0,0,,0,,441,3
GeoB1413-4,,-15.68,-9.455,-3789,South Atlantic,0.19,Bremen,Niebler et al. (in press),M.W.,May-03,1.07,0.69,0,19.36,19.36,1.88,6.42,2.7,9.12,0,,1.97,0.77,9.94,7.37,0.26,2.06,0,0.34,0.17,6,1.71,6.26,0,0,0.04,18.33,0.51,5.1,5.61,3.43,,0.04,0.94,0,0,0.09,0,0.09,0,8.57,0,0,0,,0,,620,3
GeoB1413-4,,-15.68,-9.455,-3789,South Atlantic,0.23,Bremen,Niebler et al. (in press),M.W.,May-03,1.57,0.39,0,19.65,19.65,3.58,4.93,1.68,6.61,0,,2.86,0.67,10.47,8.06,0.22,0.45,0,0,0,7.5,1.29,7.95,0,0,0.39,16.01,0.22,7.28,7.5,2.91,,0,1.57,0,0,0,0,0,0,7.84,0,0,0,,0,,473,3
GeoB1417-1,,-20.3667,-12.7067,-2845,South Atlantic,0.33,Bremen,Niebler et al. (in press),M.W.,May-03,0.93,0.56,0.85,24.65,25.5,2.58,4.71,1.73,6.44,0,,2.74,0.44,18.49,1.53,0.16,5.48,0,0.32,0,5.32,1.01,5.96,0,0,0,8.5,1.25,5.07,6.32,1.77,,0,2.58,0.64,0.08,0,0,0.08,0.16,7.81,0,0,0,,0,,696,3
GeoB1417-1,,-20.3667,-12.7067,-2845,South Atlantic,0.38,Bremen,Niebler et al. (in press),M.W.,May-03,1,1.22,0.78,24.28,25.06,2.43,6.43,1.82,8.25,0,,2.22,1.13,17.07,2.52,0.61,4,0.35,0,0,1.56,0.78,1.99,0,0,0,11.95,1,5.39,6.39,1.87,,0,1.04,0,0,0.04,0,0.04,0.22,9.47,0,0.35,0.35,,0.04,,713,3
GeoB1419-2,,-15.5367,-17.0683,-4024,South Atlantic,0.23,Bremen,Niebler et al. (in press),M.W.,May-03,1.1,1.03,0.44,35.73,36.17,0,10.12,3.23,13.35,0,,1.61,0.07,13.79,2.79,0.66,7.78,0,0,0,0.15,0.44,0.59,0,0,0,8.22,1.17,2.49,3.66,1.39,,0,0,0.29,0,0,0,0,0.22,6.82,0,0,0,,0,,620,3
GeoB2819-1,,-30.8483,-38.3433,-3435,South Atlantic,0.13,Bremen,Niebler et al. (in press),M.W.,May-03,0.45,0.61,0.12,23.59,23.71,0.22,1.68,0,1.68,0.01,,0.74,0.05,12.99,1.2,0.87,2.62,0,0,0.44,20.09,0.66,20.64,0,0,0,12.54,9.53,0.48,10.01,0.18,,2.48,3.11,0.44,0,0,0,0,0,4.37,0,0,0,,0,,794,3
GeoB3104-1,,-3.6667,-37.7167,-767,South Atlantic,1.73,Bremen,Niebler et al. (in press),M.W.,May-03,0.18,0.27,6.52,43.36,49.88,0.24,9.11,3.81,12.92,0,,1.28,0.48,0,0,0,1.43,0,0,0,0.66,3.28,0.66,0,0,0,0.42,0,2.71,2.71,0,,0,0,0,0,0,0,0,0.06,26.21,0,0,0,,0,,729,3
GeoB3104-1,,-3.6667,-37.7167,-767,South Atlantic,1.78,Bremen,Niebler et al. (in press),M.W.,May-03,0.32,0.55,4.67,39.51,44.18,0.63,8.23,4.35,12.58,0,,1.11,0,0,0,0,0.95,0,0,0,1.35,4.12,1.35,0,0,0,0.71,0,4.04,4.04,0.24,,0,0.32,0,0,0,0,0,0.08,28.82,0,0,0,,0,,632,3
GeoB3104-1,,-3.6667,-37.7167,-767,South Atlantic,1.83,Bremen,Niebler et al. (in press),M.W.,May-03,0.27,0,7.09,38.97,46.06,0,7.53,5.23,12.76,0,,2.39,0.18,0,0,0,1.77,0,0,0,2.92,4.34,2.92,0,0,0,0.71,0,3.01,3.01,0.8,,0,0,0,0,0,0,0,0,24.8,0,0,0,,0,,530,3
GeoB3104-1,,-3.6667,-37.7167,-767,South Atlantic,1.88,Bremen,Niebler et al. (in press),M.W.,May-03,0.1,0,3.33,33.73,37.06,2.59,12.54,3.18,15.72,0.1,,3.98,0.4,0,0,0,1.6,0,0,0,2.69,6.42,2.69,0,0,0,1.79,0,3.18,3.18,0.6,,0.1,0,0,0,0,0,0,0.2,23.48,0,0,0,,0,,547,3
GeoB3104-1,,-3.6667,-37.7167,-767,South Atlantic,1.98,Bremen,Niebler et al. (in press),M.W.,May-03,0.36,0.12,11.16,27.37,38.53,0.48,11.04,4.44,15.48,0,,2.64,2.16,0,0,0,4.32,0,0,0,4.44,3.72,4.44,0,0,0.24,1.56,0,4.2,4.2,0.24,,0,0,0,0,0,0,0,0.6,20.89,0,0,0,,0,,416,3
GeoB3117-1,,-4.295,-37.0917,-800,South Atlantic,2.98,Bremen,Niebler et al. (in press),M.W.,May-03,0.24,0.12,7.36,38.44,45.8,0,7.42,4.38,11.8,0,,0.67,1.09,0,0,0,4.86,0,0,0,1.76,2.13,1.76,0,0,0,0.67,0,4.01,4.01,0.06,,0,0.97,0,0,0,0,0,0.24,25.55,0,0,0,,0,,619,3
GeoB3117-1,,-4.295,-37.0917,-800,South Atlantic,3.03,Bremen,Niebler et al. (in press),M.W.,May-03,0.06,0.11,5.67,38.46,44.13,0,7.69,5.5,13.19,0,,0.79,0.67,0,0,0,4.49,0,0,0,3.26,3.99,3.26,0,0,0,1.85,0,3.99,3.99,0.11,,0,0.22,0,0,0,0,0,0,23.13,0,0,0,,0,,477,3
GeoB3117-1,,-4.295,-37.0917,-800,South Atlantic,3.13,Bremen,Niebler et al. (in press),M.W.,May-03,0.29,0.12,4.51,36.23,40.74,0,7.5,5.51,13.01,0,,1.47,1.17,0,0,0,10.08,0,0,0,2.46,3.34,2.46,0,0,0,0.7,0,4.22,4.22,0,,0,0.23,0,0,0,0,0,0.12,22.04,0,0,0,,0,,468,3
GeoB3117-1,,-4.295,-37.0917,-800,South Atlantic,3.23,Bremen,Niebler et al. (in press),M.W.,May-03,0.29,0.1,3.48,41.01,44.49,0.39,7.83,4.64,12.47,0,,2.32,1.16,0,0,0,2.32,0,0,0,1.74,4.84,1.74,0,0,0,0.39,0.1,3.38,3.48,0.77,,0,0,0,0,0,0,0,0.1,25.15,0,0,0,,0,,430,3
GeoB3117-1,,-4.295,-37.0917,-800,South Atlantic,3.33,Bremen,Niebler et al. (in press),M.W.,May-03,0.12,0.12,3.79,42.25,46.04,0,11.97,5.01,16.98,0,,1.59,0.24,0.98,0,0,2.45,0,0,0,0.98,3.91,0.98,0,0,0,0,0.49,3.91,4.4,0,,0,0,0,0,0,0,0,0.24,21.98,0,0,0,,0,,362,3
GeoB3117-1,,-4.295,-37.0917,-800,South Atlantic,3.43,Bremen,Niebler et al. (in press),M.W.,May-03,0.33,0.41,4.65,50.94,55.59,0.65,12.24,1.63,13.87,0,,1.55,1.63,0,0,0,0.66,0,0,0,3.43,2.2,3.43,0,0,0,0.08,0,1.22,1.22,0.08,,0,0,0,0,0,0,0,0.08,18.2,0,0,0,,0,,445,3
GeoB3117-1,,-4.295,-37.0917,-800,South Atlantic,3.53,Bremen,Niebler et al. (in press),M.W.,May-03,0.34,0.26,6.8,49.78,56.58,0,12.92,3.53,16.45,0,,1.46,0,0.34,0,0,2.07,0,0,0,1.89,4.31,1.89,0,0,0,0,0,0.78,0.78,0.09,,0,0,0,0,0,0,0,0.09,15.33,0,0,0,,0,,530,3
GeoB3175-1,,-7.0533,-34.4633,-900,South Atlantic,1.68,Bremen,Niebler et al. (in press),M.W.,May-03,0.28,0.14,5.61,61.24,66.85,0.32,8.95,1.19,10.14,0,,1.6,0,2.27,0,0,1.94,0,0,0,1.54,0.79,1.54,0,0,0,1.05,0.93,3.4,4.33,0.34,,0,0.16,0,0,0,0,0,0.45,7.13,0,0,0,,0.65,,500,3
GeoB3175-1,,-7.0533,-34.4633,-900,South Atlantic,1.73,Bremen,Niebler et al. (in press),M.W.,May-03,1.5,0.23,4.67,61.53,66.2,1.35,7.42,1.27,8.69,0,,0.66,0,3.38,0.68,0,2.71,0,0,0,0.68,0.44,0.68,0,0,0.17,0.34,0,3.68,3.68,0.93,,0,0,0,0,0,0,0,0.55,7.78,0,0,0,,0.02,,414,3
GeoB3175-1,,-7.0533,-34.4633,-900,South Atlantic,1.78,Bremen,Niebler et al. (in press),M.W.,May-03,0.6,0.05,5.93,60.23,66.16,0,8.2,2.5,10.7,0,,0.83,0,5.53,0,0,3.2,0,0,0,0,1.05,0,0,0,0.63,1.1,0.35,3.35,3.7,0.6,,0,0,0,0,0,0,0,0.48,5.4,0,0,0,,0,,398,3
GeoB3175-1,,-7.0533,-34.4633,-900,South Atlantic,1.83,Bremen,Niebler et al. (in press),M.W.,May-03,0.49,0.22,6.27,61.67,67.94,0.99,8.77,0.89,9.66,0,,0.74,0,0.99,0,0.06,1.97,0,0,0,1.42,0.52,1.42,0,0,1.51,0.49,0.06,4.61,4.67,0.05,,0,0.37,0,0,0,0,0,0.26,7.64,0,0,0,,0.02,,524,3
GeoB3176-1,,-7.0117,-34.4417,-1385,South Atlantic,3.43,Bremen,Niebler et al. (in press),M.W.,May-03,0.42,0.15,3.3,58.84,62.14,0.61,6.87,1.67,8.54,0,,1.52,0,0.91,0,0,2.74,0,0,0.3,0,0.53,0,0,0,0.34,2.28,0.46,2.13,2.59,0.76,,0,0.61,0,0,0,0,0,1.59,13.67,0,0,0,,0.3,,430,3
GeoB3176-1,,-7.0117,-34.4417,-1385,South Atlantic,3.48,Bremen,Niebler et al. (in press),M.W.,May-03,0.56,0.61,4.2,56.93,61.13,0.64,5.05,0.86,5.91,0,,0.99,0.11,2.25,0.43,0,3.42,0,0,0.43,0.11,0.48,0.11,0,0,0,0.61,0.32,2.73,3.05,0.03,,0,1.28,0,0,0,0,0,2.35,15.61,0,0,0,,0,,551,3
GeoB3176-1,,-7.0117,-34.4417,-1385,South Atlantic,3.53,Bremen,Niebler et al. (in press),M.W.,May-03,0.7,0.55,2.46,60.54,63,0,6.49,1.73,8.22,0,,1.4,0.61,3.88,0,0,4.85,0,0,0,0.49,0.55,0.61,0,0,0.12,0.55,0.97,2.73,3.7,0.36,,0,0.24,0,0.03,0,0,0.03,2,8.61,0,0,0,,0.03,,556,3
GeoB3176-1,,-7.0117,-34.4417,-1385,South Atlantic,3.58,Bremen,Niebler et al. (in press),M.W.,May-03,0.23,0.11,5,69.18,74.18,0,4.32,0.5,4.82,0.02,,1.33,0.14,1.27,0,0,1.62,0,0,0,0.14,0.57,0.19,0,0,0,0.32,0.14,1.61,1.75,0.2,,0,0,0,0,0,0,0,0.79,12.48,0,0,0,,0,,514,3
GeoB1032-3,,-22.915,6.0367,-2505,South Atlantic,0.38,Bremen,Niebler et al. (in press),M.W.,May-03,3.02,0,0.71,4.25,4.96,0.85,0,0,0,0,,1.15,0.28,15.71,1.7,0,1.13,0,0.57,2.26,34.4,0.71,35.82,0,0,0,20.39,2.12,1.79,3.91,0,,1.59,0.57,0,0,0,0,0,0,5.38,0,0,0,,0,,428,3
GeoB1032-3,,-22.915,6.0367,-2505,South Atlantic,0.43,Bremen,Niebler et al. (in press),M.W.,May-03,3.19,0,1.19,6.6,7.79,1.06,0.07,0.13,0.2,0,,0.93,4.09,14.05,1.58,0.07,0.53,0,0,2.77,34.84,0.92,35.5,0,0,0,14.98,2.66,1.19,3.85,0.07,,0.77,1.19,0,0,0,0,0,0,6.47,0,0,0,,0,,587,3
GeoB1034-3,,-21.735,5.4217,-3772,South Atlantic,0.23,Bremen,Niebler et al. (in press),M.W.,May-03,3.01,0,0,10.39,10.39,0,0.42,0.11,0.53,0,,1.06,0.09,17.48,0.53,0.09,0.71,0,1.77,1.77,26.87,1.06,28.55,0,0,0,21.92,2.06,1.9,3.96,0.09,,0.64,1.46,0,0,0,0,0,0,4.91,0,0,0,,0,,780,3
GeoB1041-3,,-3.475,-7.6,-4033,South Atlantic,0.53,Bremen,Niebler et al. (in press),M.W.,May-03,2.44,0.04,0.32,11.55,11.87,0,1.8,0.88,2.68,0,,1.16,0,18.11,0,0,0,0,0,0,14.23,9.71,15.83,0,0,0.16,31.53,0,0.24,0.24,2.56,,0,0,0,0,0,0,0,0,3.68,0,0,0,,0,,558,3
GeoB1041-3,,-3.475,-7.6,-4033,South Atlantic,0.58,Bremen,Niebler et al. (in press),M.W.,May-03,3.8,0,0.46,8.29,8.75,0,2.74,0.76,3.5,0,,0.68,0,12.47,0,0,0,0,0.61,0.61,14.6,7.07,16.12,0,0,0,37.19,0,0.08,0.08,2.97,,0,2.13,0,0.08,0,0,0.08,0,3.95,0,0,0,,0,,380,3
GeoB3603-2,,-35.125,17.5433,-2840,South Atlantic,0.33,Bremen,Niebler et al. (in press),M.W.,May-03,0.99,0,0,1.73,1.73,0,0,0,0,0,,0.49,0,16.3,0,0,0,0,0,1.24,60.99,0,60.99,0,0,0,12.35,0,2.47,2.47,0,,0,0,0,0,0,0,0,0,3.46,0,0,0,,0,,438,3
GeoB3603-2,,-35.125,17.5433,-2840,South Atlantic,0.38,Bremen,Niebler et al. (in press),M.W.,May-03,0.83,0,0,0.28,0.28,0,0.83,0,0.83,0,,0.83,0,16.53,0.28,0,0,0,0.55,0.55,58.13,1.65,58.13,0,0,0,13.5,0,1.1,1.1,0,,0,0,0,0,0,0,0,0,4.96,0,0,0,,0,,401,3
GeoB3722-2,,-25.25,12.0217,-3506,South Atlantic,0.83,Bremen,Niebler et al. (in press),M.W.,May-03,0.13,0,0,0,0,0,0,0,0,0,,0,0,4.08,0,0,0,0,0,1.93,84.82,0,84.82,0,0,0,7.69,0.38,0,0.38,0,,0.97,0,0,0,0,0,0,0,0,0,0,0,,0,,715,3
GeoB3722-2,,-25.25,12.0217,-3506,South Atlantic,0.88,Bremen,Niebler et al. (in press),M.W.,May-03,0.7,0,0,0.06,0.06,0,0,0,0,0,,0.16,0.47,8.29,0,0.37,0,0,0,0.99,79.16,0.03,79.35,0,0,0,8.82,0.23,0,0.23,0,,0.36,0,0,0,0,0,0,0,0.16,0,0,0,,0,,1070,3
GeoB3722-2,,-25.25,12.0217,-3506,South Atlantic,0.93,Bremen,Niebler et al. (in press),M.W.,May-03,0.32,0,0,0.05,0.05,0,0,0,0,0,,0,0,2.44,0,0,0,0,0,0.23,89.88,0,89.88,0,0,0,6.09,0.27,0,0.27,0,,0.72,0,0,0,0,0,0,0,0,0,0,0,,0,,1056,3
GeoB3722-2,,-25.25,12.0217,-3506,South Atlantic,0.98,Bremen,Niebler et al. (in press),M.W.,May-03,0.12,0,0,0.05,0.05,0,0,0,0,0,,0,0,5.29,0,0,0,0,0,1.1,86.41,0,86.41,0,0,0,5.13,0.76,0,0.76,0,,1.15,0,0,0,0,0,0,0,0,0,0,0,,0,,876,3
GeoB3801-6,,-29.5117,-8.305,-4546,South Atlantic,0.18,Bremen,Niebler et al. (in press),M.W.,May-03,0.78,1.01,0,15.01,15.01,0,2.39,0.07,2.46,0,,1.49,0,18.22,6.42,0.37,4.18,0,0.6,0,12.84,0.15,12.84,0,0,0,18.59,5.94,1.68,7.62,0.67,,3.88,0,0.6,0,0,0,0,0.34,4.18,0,0.6,0,,0,,485,3
GeoB3808-6,,-30.8117,-14.7117,-3213,South Atlantic,0.18,Bremen,Niebler et al. (in press),M.W.,May-03,0.66,0.41,0.06,18.52,18.58,0,0.38,0.03,0.41,0,,3.17,0,25.17,0.75,0.19,2.89,0,0,0.75,9.79,0.13,9.79,0,0,0,16.16,6.75,1.1,7.85,0.82,,2.64,1.57,1.51,0,0,0,0,0.16,6.15,0,0.25,0,,0,,732,3
GeoB3813-3,,-32.2683,-21.9667,-4331,South Atlantic,0.13,Bremen,Niebler et al. (in press),M.W.,May-03,0.2,0.69,0,13.9,13.9,0,0.45,0.09,0.54,0,,0.45,0,15.24,2.08,0.15,0.89,0,0,0.59,30.62,0.45,30.84,0,0,0,17.56,8.31,0.28,8.59,0.89,,2.99,0.07,0,0,0,0,0,0.02,3.86,0,0,0,,0,,580,3
GeoB5112-5,,-23.825,-16.2583,-3841,South Atlantic,0.16,Bremen,Niebler et al. (in press),M.W.,May-03,0.95,0.9,2.33,29.15,31.48,0,7.1,0.58,7.68,0,,2.28,0.48,7.58,1.8,0.11,11.65,0,0,0,1.27,0,1.27,0,0,0,10.97,2.81,3.29,6.1,0.05,,0.42,1.48,0,0.05,0.64,0,0.69,3.18,10.92,0,0,0,,0,,638,3
GeoB5115-2,,-24.1433,-14.0433,-3291,South Atlantic,0.14,Bremen,Niebler et al. (in press),M.W.,May-03,1.31,0.6,1.21,34.52,35.73,0,4.36,0.2,4.56,0,,4.96,1.07,7.38,1.34,1.51,9.73,0,0,0.34,0.34,0,0.34,0,0,0,8.12,2.82,4.16,6.98,0.07,,0.3,1.41,0,0,0.07,0,0.07,1.41,12.68,0,0,0,,0.1,,804,3
GeoB5115-2,,-24.1433,-14.0433,-3291,South Atlantic,0.15,Bremen,Niebler et al. (in press),M.W.,May-03,1.79,0.17,1.06,33.6,34.66,0,4.81,0.23,5.04,0.07,,5.51,1.53,6.7,1.06,1,11.28,0,0.27,0,1.33,0,1.66,0,0,0.07,7.03,2.72,3.85,6.57,0.27,,0.6,2.26,0,0,0,0,0,1.43,11.01,0,0,0,,0.07,,716,3
GeoB5115-2,,-24.1433,-14.0433,-3291,South Atlantic,0.16,Bremen,Niebler et al. (in press),M.W.,May-03,1.32,0.79,2.36,31.19,33.55,0,4.28,0.47,4.75,0,,3.15,1.83,8.19,1.64,0.25,7.69,0,0,0,1.51,0,1.51,0,0,0.28,8.48,2.9,2.43,5.33,0.16,,0.16,2.27,0,0,0,0,0,3.02,15.37,0,0,0,,0.25,,575,3
GeoB5115-2,,-24.1433,-14.0433,-3291,South Atlantic,0.17,Bremen,Niebler et al. (in press),M.W.,May-03,1.43,0.38,1.14,32.73,33.87,0,5.37,0.41,5.78,0,,4.91,0.82,4.99,0.93,1.78,9.46,0,0,0.47,1.4,0,1.4,0,0,0.53,9.08,2.1,3.12,5.22,0.32,,0.67,1.05,0,0,0,0,0,2.74,14.01,0,0,0,,0.15,,657,3
GeoB5121-2,,-24.1833,-12.0217,-3486,South Atlantic,0.16,Bremen,Niebler et al. (in press),M.W.,May-03,1.41,1.1,0.97,24.25,25.22,0,4.98,0.31,5.29,0,,3.53,0.18,7.41,3.97,0.97,13.49,0,0,0.44,0.62,0,1.68,0,0,0,9.57,3,3.62,6.62,0.84,,0.57,2.29,0,0,0,0,0,1.32,12.87,0,0.71,0,,0.18,,646,3
GeoB5133-3,,-19.0867,-10.1917,-3660,South Atlantic,0.18,Bremen,Niebler et al. (in press),M.W.,May-03,1.18,0.24,0.87,24.38,25.25,0,5.93,1.08,7.01,0,,2.21,0,10.78,9.6,0.42,7.43,0,0,0.09,3.01,0.05,3.67,0,0,0.24,11.39,0.66,3.39,4.05,1.39,,0.02,3.76,0.38,0,0.12,0,0.12,0.38,9.98,0,0.38,0,,0,,800,3
GeoB5140-3,,-19.0517,-16.6133,-3660,South Atlantic,0.1,Bremen,Niebler et al. (in press),M.W.,May-03,0.68,0.33,1.42,22.81,24.23,0.81,5.77,1.11,6.88,0.05,,1.09,0,7.06,4.56,0.2,23.49,0.41,0,2.53,2.13,0.08,2.13,0,0,0.1,6.2,1.75,2.23,3.98,0.33,,0,0.81,0,0,0.15,0,0.15,0.33,12.3,0,1.22,0.41,,0.05,,655,3
GeoB5140-3,,-19.0517,-16.6133,-3660,South Atlantic,0.11,Bremen,Niebler et al. (in press),M.W.,May-03,1.23,0.78,1.56,22.82,24.38,0.26,7.78,2.66,10.44,0.06,,1.43,0.84,6.1,3.31,0.06,21.86,0.52,0,0.52,0.91,0.26,1.3,0,0,0.19,5.77,2.01,1.43,3.44,1.3,,0,1.36,0.84,0,0.26,0.06,0.26,0.45,12.97,0,0,0.52,,0,,780,3
GeoB5140-3,,-19.0517,-16.6133,-3660,South Atlantic,0.12,Bremen,Niebler et al. (in press),M.W.,May-03,0.37,0.48,0.4,28.73,29.13,0,6.7,1.02,7.72,0.04,,1.61,0.88,7.76,4.54,0,19.17,0.88,0.29,1.17,2.93,0.18,3.37,0,0,0.22,5.2,1.72,2.27,3.99,1.32,,0,1.02,1.17,0.07,0,0,0.07,0.18,9.22,0,0,0.88,,0.04,,570,3
V30-40,,-0.2,-23.15,-3706,South Atlantic,0.48,Kiel,Pflaumann et al. (in press),M. W. ,39222,0.3,0,4.3,16.2,20.5,0.3,10.6,4,14.6,0,,0.8,1.6,4,1.3,0,0.8,0.3,1.1,0,13.6,14.4,14.6,,,1.9,5.3,0,6.1,6.1,2.7,,0,0.5,,0.3,0.3,,0.5,0.3,8,,,0.3,0,,,,1
V30-40,,-0.2,-23.15,-3706,South Atlantic,0.51,Kiel,Pflaumann et al. (in press),M. W. ,39222,0.9,0,2.3,12.5,14.8,0,6.3,7.7,14,0,,1.1,0.9,4.6,0.6,0.3,0,0,0.6,0,18.8,15.4,21.9,,,0.3,4.3,0,8.5,8.5,2.3,,0,0.3,,0,0,,0,0,9.1,,,0,0,,,,1
V30-40,,-0.2,-23.15,-3706,South Atlantic,0.54,Kiel,Pflaumann et al. (in press),M. W. ,39222,0.2,0,2.7,15.3,18,0.5,3.5,2.5,6,0,,0.2,0.7,5.9,0.7,0,0.5,0.2,1,0.5,16.1,17.8,19.1,,,0.2,6.7,0,5.7,5.7,3,,0,0.5,,0,0,,0,0,12.1,,,0.2,0,,,,1
V30-40,,-0.2,-23.15,-3706,South Atlantic,0.57,Kiel,Pflaumann et al. (in press),M. W. ,39222,1,0,2.6,9.4,12,0.5,8.4,6,14.4,0,,0.8,0.8,6,0,0.3,0,0,0.8,0.5,11,19.4,13.6,,,0,6.5,0.3,11.3,11.5,3.9,,0,0.3,,0,0,,0,0,7.1,,,0,0,,,,1
V30-40,,-0.2,-23.15,-3706,South Atlantic,0.6,Kiel,Pflaumann et al. (in press),M. W. ,39222,0.5,0,0.5,10.2,10.7,0.5,3.8,2.5,6.3,0,,0.3,1.1,8.2,0.3,0.5,0,0,0.5,0.3,19.8,19,23.1,,,0,4.4,0.3,8.2,8.5,6.6,,0,0,,0,0,,0,0.3,8.8,,,0,0,,,,1
V30-40,,-0.2,-23.15,-3706,South Atlantic,0.63,Kiel,Pflaumann et al. (in press),M. W. ,39222,0.5,0,0.8,8.5,9.3,0,4.9,5.8,10.7,0,,1.1,1.6,4.9,0,0.3,0.3,0,1.4,0.5,15.3,25.5,18.6,,,0,6.3,0,10.7,10.7,3.3,,0,0,,0,0,,0,0,4.4,,,0,0,,,,1
GIK16772-2,,-1.35,-11.9617,-3912,South Atlantic,0.3,Kiel,Pflaumann et al. (in press),M. W. ,39222,0.6,0,2.6,3.8,6.4,0,1.7,1,2.7,0,,3.1,0.3,8,0.3,0,1,0,0,0.3,2.5,23.6,7.4,,,0,36.2,0,3,3,3.6,,0,0,,0,0,,0,0,3.1,,,0,0,,,,1
GIK16772-2,,-1.35,-11.9617,-3912,South Atlantic,0.4,Kiel,Pflaumann et al. (in press),M. W. ,39222,0.1,0,0.1,2.9,3,0,1,1.3,2.3,0,,1.4,0.1,6.6,0,0,0.6,0,0,0,5.9,22.9,19.2,,,0,25.8,0,3.6,3.6,8.8,,0,0.1,,0,0,,0,0,5.2,,,0,0,,,,1
GIK16867-2,,-2.2017,5.1017,-3891,South Atlantic,0.55,Kiel,Pflaumann et al. (in press),M. W. ,39222,3.7,0,12.5,9.2,21.7,0.3,3.5,0.9,4.4,0,,2.6,0.5,10.4,0,0,0.3,0,0.3,0.3,5.8,19.7,7.4,,,0.2,18,0,0,0,6.1,,0,0.5,,0.7,0,,0.7,0,2.8,,,0,0,,,,1
GIK16867-2,,-2.2017,5.1017,-3891,South Atlantic,0.65,Kiel,Pflaumann et al. (in press),M. W. ,39222,5.3,0,11.7,9.4,21.1,0,1.3,0.7,2,0,,2.5,0.2,16.3,0,0,0,0,0.3,0,4.2,10.8,5.3,,,0,22.8,0,0.2,0.2,8.2,,0.2,1.5,,0.2,0,,0.2,0,3.2,,,0,0,,,,1
V25-56,,-3.55,-35.23,-3512,South Atlantic,0.65,Kiel,Pflaumann et al. (in press),M. W. ,39222,0,0,0,0,0,0,7.2,0,7.2,0,,0.3,5,1.7,0,0,0.6,0,0,0,0,0,1.7,,,0,0,0,0,0,0,,0.6,0,,27,28.9,,55.9,8.3,17.4,,,0,0,,,,1
V25-56,,-3.55,-35.23,-3512,South Atlantic,0.7,Kiel,Pflaumann et al. (in press),M. W. ,39222,0.3,0.8,1.5,38.4,39.9,1.5,20.1,6.2,26.3,0,,2.8,0.3,0.3,0,0,1.3,0,0,0,0,4.9,0,,,0,1.8,0.3,5.2,5.4,0.3,,0,0,,0,0,,0,0,14.2,,,0,0,,,,1
V25-56,,-3.55,-35.23,-3512,South Atlantic,0.7,Kiel,Pflaumann et al. (in press),M. W. ,39222,0,0,0,0,0,0.2,5.4,0,5.4,0,,0,2.5,0.8,0.6,0,0.2,0.2,0,0,0,0,1.3,,,0,0,0,0,0,0,,0.2,0.4,,29.5,33.5,,63,8.2,15.1,,,0.2,0,,,,1
V25-56,,-3.55,-35.23,-3512,South Atlantic,0.76,Kiel,Pflaumann et al. (in press),M. W. ,39222,0.2,0,0,0,0,0,3.8,0,3.8,0,,0,4.5,2.1,0.7,0,0.5,0,0,0,0,0,1.2,,,0,0,0,0,0,0,,0.5,0.2,,28.9,31.1,,60,5.6,16.5,,,0,0,,,,1
V25-56,,-3.55,-35.23,-3512,South Atlantic,0.8,Kiel,Pflaumann et al. (in press),M. W. ,39222,0.4,0.2,2.6,24.4,27,1.6,7.9,4.3,12.2,0,,1.2,1,0,0.6,0,11.2,0.2,0,0,0,5.9,0,,,0,1.8,0.4,3.9,4.3,0.2,,0,1,,0.6,0,,0,0.2,30.1,,,0.2,0,,,,1
V25-56,,-3.55,-35.23,-3512,South Atlantic,0.8,Kiel,Pflaumann et al. (in press),M. W. ,39222,0,0,0,0,0,0,5.7,0,5.7,0,,0.2,4.2,2.3,0.8,0,0.6,0.8,0.2,0,0,0.2,1.7,,,0,0,0,0,0,0,,0.2,0.4,,28.3,32.7,,61,6.3,13.4,,,0.8,0,,,,1
V25-56,,-3.55,-35.23,-3512,South Atlantic,0.85,Kiel,Pflaumann et al. (in press),M. W. ,39222,0,0,0.2,0,0.2,0,3,0,3,0.4,,0,4.7,1.5,1.9,0,0.4,0.2,0.2,0,0,0.2,2.3,,,0,0,0,0,0,0,,0.2,0.2,,28.9,31.3,,60.2,4.5,14.3,,,0.2,0,,,,1
V25-56,,-3.55,-35.23,-3512,South Atlantic,0.5,,,,,0.3,0.3,6.2,23.1,29.3,0,6.2,5.2,11.4,0,0,0.3,1.3,3.6,1.3,0.3,0,0,0,0,1.3,20.5,6.8,0,0,0,0,0.3,12.1,12.4,2.6,0,0,0,0,0,0,0,0,0.7,8.5,0,0,0,0,,,,1
V25-56,,-3.55,-35.23,-3512,South Atlantic,0.52,,,,,0,0.3,9.4,23.7,33.1,0,6.9,5.1,12,0,0,1.4,0.9,4,0.9,0,0.3,0,0.3,0,0,14.9,4.3,0,0,0.3,2.6,0.6,10.6,11.1,1.7,0,0,0,0,0,0,0,0,0,12,0,0,0,0,,,,1
V25-56,,-3.55,-35.23,-3512,South Atlantic,0.55,,,,,0.3,0.9,8.8,21,29.8,0.6,5.6,6.9,12.5,0,0,0.9,0.9,2.5,0.6,0.3,0.3,0,0,0,0,20.4,4.7,0,0,0.3,1.3,0.3,6.9,7.2,3.8,0,0,0,0,0,0,0,0,0,12.5,0,0,0,0,,,,1
V25-56,,-3.55,-35.23,-3512,South Atlantic,0.57,,,,,0,0,11,19.3,30.3,0.7,7.6,7.6,15.2,0,0,0.3,1,3.3,0,0.3,0.3,0,0,0.3,1.7,18.9,4.7,0,0,0.3,1.7,0,5.6,5.6,3.7,0,0,0,0,0,0,0,0,0,13.3,0,0,0,0,,,,1
V25-56,,-3.55,-35.23,-3512,South Atlantic,0.6,,,,,0,0.6,12.7,16.5,29.2,0.3,9.9,5.3,15.2,0,0,1.9,0.6,0.9,0.9,0,1.2,0,0,0,1.9,18.9,6.5,0,0,0,1.2,0.3,6.8,7.1,2.5,0,0,0,0,0,0,0,0,0,12.4,0,0,0,0,,,,1
V25-56,,-3.55,-35.23,-3512,South Atlantic,0.62,,,,,0.7,0.3,13,19.3,32.3,0.3,4.7,5.6,10.3,0,0,1.3,0,3.7,0,0.3,0.7,0,0.3,0.3,1.7,17.6,5,0,0,0,1.3,0.3,9,9.3,2.7,0,0,1,0,0.7,0,0,0.7,0,12,0,0,0,0,,,,1
RC24-16,,-5.038,-10.19,-3543,South Atlantic,0.66,Kiel,Pflaumann et al. (in press),M. W. ,39222,3.3,0,3.1,6.2,9.3,0.3,5.1,5.1,10.2,0,,1.3,2.1,14.1,4.4,0,0,0,0,0.5,2.6,18.5,7.9,,,0,19.7,0,0.8,0.8,4.1,,0,0,,0,0,,0,0,3.1,,,0,0,,,,1
RC24-16,,-5.038,-10.19,-3543,South Atlantic,0.69,Kiel,Pflaumann et al. (in press),M. W. ,39222,4,0.3,5.7,10.6,16.3,0,3.7,3.7,7.4,0,,2.3,1.1,11.7,2.3,0,0.6,0,0,0,2,18.6,6.3,,,0.6,19.7,0,0.6,0.6,4,,0,0.3,,0,0,,0,0,2.9,,,0,0,,,,1
RC24-16,,-5.038,-10.19,-3543,South Atlantic,0.72,Kiel,Pflaumann et al. (in press),M. W. ,39222,2.6,0.3,3.1,6.2,9.3,0,2.6,4.9,7.5,0,,1.8,1.3,10.9,3.6,0.3,0,0,0,0,2.6,20.3,8.8,,,0.3,22.1,0,1,1,3.6,,0,0.5,,0.3,0,,0.3,0,4.4,,,0,0,,,,1
RC24-16,,-5.038,-10.19,-3543,South Atlantic,0.75,Kiel,Pflaumann et al. (in press),M. W. ,39222,5.4,0.3,3.6,8.2,11.8,0,6.1,4.8,10.9,0,,3.1,0.8,7.7,3.6,0.3,0,0,0,0.5,3.1,17.1,8.7,,,0.3,20.4,0,1.3,1.3,4.3,,0,0,,0,0,,0,0,3.6,,,0,0,,,,1
RC24-16,,-5.038,-10.19,-3543,South Atlantic,0.78,Kiel,Pflaumann et al. (in press),M. W. ,39222,2.7,0,3.3,13.1,16.4,0,7.1,4.4,11.5,0,,1.6,1.1,4.9,0.8,0,0,0,0.3,0.3,1.9,22.3,8.4,,,0.3,21,0,1.4,1.4,1.6,,0,0,,0.5,0,,0.5,0,4.4,,,0,0,,,,1
V22-174,,-10.07,-12.82,-2630,South Atlantic,0.55,Kiel,Pflaumann et al. (in press),M. W. ,39222,1.1,0,5.2,15.5,20.7,1.7,4.9,4.9,9.8,0,,4.6,0.6,1.1,8.3,0.3,8,0,0,0,0.3,6.9,9.5,,,0,7.2,0.3,8,8.3,2,,0,1.4,,0,0,,0,0.6,6.9,,,0,0,,,,1
V22-174,,-10.07,-12.82,-2630,South Atlantic,0.57,Kiel,Pflaumann et al. (in press),M. W. ,39222,0.8,0,4.2,22.6,26.8,1.7,4.2,5.3,9.5,0,,4.2,1.1,3.6,4.7,0.6,6.1,0.3,0,0,0.6,9.2,5.6,,,0.3,7.8,0.3,4.7,5,1.9,,0,1.7,,0,0,,0,0,7.5,,,0.3,0,,,,1
V22-174,,-10.07,-12.82,-2630,South Atlantic,0.6,Kiel,Pflaumann et al. (in press),M. W. ,39222,0.8,0,4,19.3,23.3,0.8,5.7,4.5,10.2,0,,4.8,1.1,4,5.9,0.3,3.4,0,0,0,0.8,11,6.8,,,0,9.3,0.3,4.2,4.5,3.1,,0,1.7,,0.3,0,,0.3,0.6,7.6,,,0,0,,,,1
V22-174,,-10.07,-12.82,-2630,South Atlantic,0.6,Kiel,Pflaumann et al. (in press),M. W. ,39222,0.8,2.5,4.6,18,22.6,1.6,5.4,3.3,8.7,0,,4.3,2.1,10.7,2.5,0.8,2.7,0.2,0,0.2,6,8.7,6.6,,,0,7,0.2,4.3,4.6,2.1,,0,1.2,,0.2,0.2,,0.4,0,8.9,,,0.2,0,,,,1
RC13-228,,-22.33,11.198,-3204,South Atlantic,1.1,Kiel,Pflaumann et al. (in press),M. W. ,39222,0.6,0,0,0,0,0,0,0,0,0,,0,1.6,15.5,0,0,0,0,7.1,23.9,23,0,46.9,,,0,3.6,0,0,0,0,,0,0.3,,0,0,,0,0,0.3,,,0,0,,,,1
RC13-228,,-22.33,11.198,-3204,South Atlantic,1.15,Kiel,Pflaumann et al. (in press),M. W. ,39222,0,0,0,3,3,0.3,0.3,0.3,0.6,0,,0.3,1,21,0,0.3,0,0,2.6,10.2,15.4,0,38,,,0,19,0.3,0,0.3,0,,0,0,,0,0,,0,0,3.3,,,0,0,,,,1
RC13-228,,-22.33,11.198,-3204,South Atlantic,1.2,Kiel,Pflaumann et al. (in press),M. W. ,39222,0.6,0,0,1.8,1.8,0,0,0,0,0,,0,0.9,20.8,0.3,0,0,0,2.3,16.4,22.8,0,43.6,,,0,9.6,0,0,0,0,,0.6,0,,0,0,,0,0,3.2,,,0,0,,,,1
RC13-228,,-22.33,11.198,-3204,South Atlantic,1.25,Kiel,Pflaumann et al. (in press),M. W. ,39222,0.3,0,0,1.9,1.9,0,0,0,0,0,,0,0,20.6,0.3,0,0,0,6.8,20.9,17,0.3,39.5,,,0,7.1,0,0,0,0,,0,0,,0,0,,0,0,2.3,,,0,0,,,,1
RC13-228,,-22.33,11.198,-3204,South Atlantic,1.3,Kiel,Pflaumann et al. (in press),M. W. ,39222,0.3,0,0,1.6,1.6,0,0,0,0,0,,0,0,13.8,0,0,0,0,1,15.5,35.5,0,59.9,,,0,4.6,0.3,0,0.3,0,,0,0,,0,0,,0,0,3,,,0,0,,,,1
RC13-228,,-22.33,11.198,-3204,South Atlantic,1.35,Kiel,Pflaumann et al. (in press),M. W. ,39222,0,0,0,1.2,1.2,0,0,0,0,0,,0,0,12.4,0,0,0,0,0.5,33,24.8,0,49,,,0,1.9,0,0,0,0,,0,0.2,,0,0,,0,0,1.7,,,0,0,,,,1
RC13-229,,-25.49,11.307,-4191,South Atlantic,0.52,Kiel,Pflaumann et al. (in press),M. W. ,39222,0,0,0,1.9,1.9,0,0.4,0,0.4,0,,0.2,0.1,2.9,0,0.1,0,0,0,2.5,69.4,0,69.7,,,0,21.1,0.5,0.1,0.6,0,,0.5,0,,0,0,,0,0,0,,,0,0,,,,1
RC13-229,,-25.49,11.307,-4191,South Atlantic,0.55,Kiel,Pflaumann et al. (in press),M. W. ,39222,0.4,0,0,2.1,2.1,0,0,0,0,0,,0.5,0,10.6,0,0.1,0,0,0.2,0.9,66.8,0.5,67.6,,,0.1,13.8,0.4,0.6,1,0,,0.7,0.1,,0,0,,0,0,1,,,0,0,,,,1
RC13-229,,-25.49,11.307,-4191,South Atlantic,0.58,Kiel,Pflaumann et al. (in press),M. W. ,39222,0,0,0.3,0.3,0.6,0,0.8,0,0.8,0,,0.3,0,7.1,0,0,0,0,0.5,1.6,77,1.8,78.3,,,0,6.3,0.8,0.3,1,0,,0.5,0,,0,0,,0,0,1.3,,,0,0,,,,1
RC13-229,,-25.49,11.307,-4191,South Atlantic,0.6,Kiel,Pflaumann et al. (in press),M. W. ,39222,0,0,0,0,0,0,0,0,0,0,,0.2,0,10.5,0.2,0,0,0,0.9,3.6,70.3,0.9,71.9,,,0,9.4,0.2,0.4,0.7,0,,1.1,0,,0,0,,0,0,0.7,,,0,0,,,,1
RC11-86,,-35.78,18.45,-2829,South Atlantic,0.4,Kiel,Pflaumann et al. (in press),M. W. ,39222,0.7,0.3,0,0,0,0,0,0,0,0,,0,2.8,11.9,0.7,0.3,0,0,1,1,36,0.7,62.9,,,0,13.6,0.7,0,0.7,0,,0,0,,0,0,,0,0,3.1,,,0,0,,,,1
RC11-86,,-35.78,18.45,-2829,South Atlantic,0.5,Kiel,Pflaumann et al. (in press),M. W. ,39222,0.7,0,0,0,0,0,0,0,0,0,,0.7,1.7,12.2,0.3,0,0.7,0.3,0.3,1.7,37.6,3.7,54.2,,,0.3,15.6,1,0,1,1.4,,0.7,0.7,,0.7,0.3,,0,0,2.7,,,0.3,0,,,,1
RC12-294,,-37.27,-10.1,-3308,South Atlantic,0.4,Kiel,Pflaumann et al. (in press),M. W. ,39222,0,0,0,0.8,0.8,0,0,0,0,0,,0,0,35.4,0.8,0,0,0,9.8,5.3,20.1,0.3,28,,,0,10,4.5,0.3,4.7,0,,0,0.3,,0,0,,0,0,4.7,,,0,0,,,,1
RC12-294,,-37.27,-10.1,-3308,South Atlantic,0.45,Kiel,Pflaumann et al. (in press),M. W. ,39222,0,0,0,0.3,0.3,0,0,0,0,0,,0,0,40.5,0.3,0,0,0,9.3,3.9,14.1,0,22.8,,,0,12.9,3.9,0,3.9,0,,0.3,0.3,,0,0,,0,0,5.4,,,0,0,,,,1
RC12-294,,-37.27,-10.1,-3308,South Atlantic,0.46,Kiel,Pflaumann et al. (in press),M. W. ,39222,0,0,0,0.4,0.4,0,0,0,0,0,,0,0,36.4,0.2,0,0,0,3.9,8.3,33.5,0,33.6,,,0,10.8,1.5,0,1.5,0.3,,1.2,0.2,,0,0,,0,0,3.2,,,0,0,,,,1
RC12-294,,-37.27,-10.1,-3308,South Atlantic,0.48,Kiel,Pflaumann et al. (in press),M. W. ,39222,0,0,0,0.1,0.1,0,0,0,0,0,,0,0,32.7,0.1,0,0,0.1,3.2,5,40.7,0,40.9,,,0,10.5,2.9,0.3,3.2,0.1,,0,0.3,,0,0,,0,0,3.8,,,0.1,0,,,,1
RC12-294,,-37.27,-10.1,-3308,South Atlantic,0.5,Kiel,Pflaumann et al. (in press),M. W. ,39222,0,0,0,0.6,0.6,0,0,0,0,0,,0,0,35.8,2.9,0,0,0,7,3.2,21.5,0,27.3,,,0,13.4,5.5,0,5.5,0,,0.9,0.3,,0,0,,0,0,3.2,,,0,0,,,,1
RC12-294,,-37.27,-10.1,-3308,South Atlantic,0.53,Kiel,Pflaumann et al. (in press),M. W. ,39222,0.2,0,0,0.5,0.5,0,0,0,0,0,,0,0,34.7,0.2,0,0,0,3.9,9.5,31.7,0.1,31.9,,,0,12.8,1.4,0,1.4,0.3,,0.2,0,,0,0,,0,0,4,,,0,0.1,,,,1
RC12-294,,-37.27,-10.1,-3308,South Atlantic,0.55,Kiel,Pflaumann et al. (in press),M. W. ,39222,0,0,0,0.3,0.3,0,0,0,0,0,,0,0,41.7,0.3,0,0,0,10.4,3,17.3,0.3,21.1,,,0,14.3,1.2,0,1.2,0.6,,0.3,0,,0,0,,0,0,6.5,,,0,0,,,,1
RC12-267,,-38.68,-25.78,-4144,South Atlantic,0.73,Kiel,Pflaumann et al. (in press),M. W. ,39222,0,0,0,0.2,0.2,0,0,0,0,0,,0,0,3.3,0.2,0,0,0,0.9,12.6,30.8,0,30.8,,,0,35,10.4,0.2,10.6,1.2,,2.4,0,,0,0,,0,0,2.9,,,0,0,,,,1