Event,Latitude,Longitude,Depth sed [m],Species,Absolute Abundance
A180-15,39.267,-36.7,0.6,O. universa,3
A180-15,39.267,-36.7,0.6,G. conglobatus,0
A180-15,39.267,-36.7,0.6,G. ruber ruber,2
A180-15,39.267,-36.7,0.6,G. ruber albus,66
A180-15,39.267,-36.7,0.6,G. tenellus,0
A180-15,39.267,-36.7,0.6,T. sacculifer,6
A180-15,39.267,-36.7,0.6,S. dehiscens,0
A180-15,39.267,-36.7,0.6,G. adamsi,0
A180-15,39.267,-36.7,0.6,G. siphonifera,2
A180-15,39.267,-36.7,0.6,G. calida,0
A180-15,39.267,-36.7,0.6,G. bulloides,49
A180-15,39.267,-36.7,0.6,G. falconensis,11
A180-15,39.267,-36.7,0.6,B. digitata,0
A180-15,39.267,-36.7,0.6,G. rubescens,0
A180-15,39.267,-36.7,0.6,T. humilis,4
A180-15,39.267,-36.7,0.6,T. quinqueloba,41
A180-15,39.267,-36.7,0.6,N. pachyderma,166
A180-15,39.267,-36.7,0.6,N. incompta,4
A180-15,39.267,-36.7,0.6,N. dutertrei,0
A180-15,39.267,-36.7,0.6,G. conglomerata,0
A180-15,39.267,-36.7,0.6,G. hexagonus,0
A180-15,39.267,-36.7,0.6,P. obliquiloculata,219
A180-15,39.267,-36.7,0.6,G. inflata,1
A180-15,39.267,-36.7,0.6,G. crassaformis,12
A180-15,39.267,-36.7,0.6,G. hirsuta,0
A180-15,39.267,-36.7,0.6,G. scitula,0
A180-15,39.267,-36.7,0.6,D. anfracta,0
A180-15,39.267,-36.7,0.6,G. cultrata,0
A180-15,39.267,-36.7,0.6,G. tumida,0
A180-15,39.267,-36.7,0.6,C. nitida,0
A180-15,39.267,-36.7,0.6,G. glutinata,0
A180-15,39.267,-36.7,0.6,T. iota,0
A180-15,39.267,-36.7,0.6,G. uvula,0
A180-15,39.267,-36.7,0.6,B. pumilio,0
A180-15,39.267,-36.7,0.6,H. pelagica,9
A180-15,39.267,-36.7,0.6,H. digitata,0
A180-15,39.267,-36.7,0.6,G. truncatulinoides,5
A180-39,25.833,-19.2998,0.3,O. universa,5
A180-39,25.833,-19.2998,0.3,G. conglobatus,0
A180-39,25.833,-19.2998,0.3,G. ruber ruber,0
A180-39,25.833,-19.2998,0.3,G. ruber albus,40
A180-39,25.833,-19.2998,0.3,G. tenellus,1
A180-39,25.833,-19.2998,0.3,T. sacculifer,4
A180-39,25.833,-19.2998,0.3,S. dehiscens,0
A180-39,25.833,-19.2998,0.3,G. adamsi,0
A180-39,25.833,-19.2998,0.3,G. siphonifera,11
A180-39,25.833,-19.2998,0.3,G. calida,5
A180-39,25.833,-19.2998,0.3,G. bulloides,82
A180-39,25.833,-19.2998,0.3,G. falconensis,24
A180-39,25.833,-19.2998,0.3,B. digitata,1
A180-39,25.833,-19.2998,0.3,G. rubescens,0
A180-39,25.833,-19.2998,0.3,T. humilis,5
A180-39,25.833,-19.2998,0.3,T. quinqueloba,5
A180-39,25.833,-19.2998,0.3,N. pachyderma,24
A180-39,25.833,-19.2998,0.3,N. incompta,0
A180-39,25.833,-19.2998,0.3,N. dutertrei,0
A180-39,25.833,-19.2998,0.3,G. conglomerata,0
A180-39,25.833,-19.2998,0.3,G. hexagonus,0
A180-39,25.833,-19.2998,0.3,P. obliquiloculata,52
A180-39,25.833,-19.2998,0.3,G. inflata,0
A180-39,25.833,-19.2998,0.3,G. crassaformis,172
A180-39,25.833,-19.2998,0.3,G. hirsuta,0
A180-39,25.833,-19.2998,0.3,G. scitula,0
A180-39,25.833,-19.2998,0.3,D. anfracta,0
A180-39,25.833,-19.2998,0.3,G. cultrata,0
A180-39,25.833,-19.2998,0.3,G. tumida,0
A180-39,25.833,-19.2998,0.3,C. nitida,0
A180-39,25.833,-19.2998,0.3,G. glutinata,0
A180-39,25.833,-19.2998,0.3,T. iota,0
A180-39,25.833,-19.2998,0.3,G. uvula,0
A180-39,25.833,-19.2998,0.3,B. pumilio,0
A180-39,25.833,-19.2998,0.3,H. pelagica,1
A180-39,25.833,-19.2998,0.3,H. digitata,0
A180-39,25.833,-19.2998,0.3,G. truncatulinoides,3
A180-74,-0.05,-24.1667,0.5,O. universa,0
A180-74,-0.05,-24.1667,0.5,G. conglobatus,1
A180-74,-0.05,-24.1667,0.5,G. ruber ruber,53
A180-74,-0.05,-24.1667,0.5,G. ruber albus,0
A180-74,-0.05,-24.1667,0.5,G. tenellus,1
A180-74,-0.05,-24.1667,0.5,T. sacculifer,39
A180-74,-0.05,-24.1667,0.5,S. dehiscens,0
A180-74,-0.05,-24.1667,0.5,G. adamsi,0
A180-74,-0.05,-24.1667,0.5,G. siphonifera,5
A180-74,-0.05,-24.1667,0.5,G. calida,0
A180-74,-0.05,-24.1667,0.5,G. bulloides,23
A180-74,-0.05,-24.1667,0.5,G. falconensis,0
A180-74,-0.05,-24.1667,0.5,B. digitata,0
A180-74,-0.05,-24.1667,0.5,G. rubescens,9
A180-74,-0.05,-24.1667,0.5,T. humilis,0
A180-74,-0.05,-24.1667,0.5,T. quinqueloba,0
A180-74,-0.05,-24.1667,0.5,N. pachyderma,2
A180-74,-0.05,-24.1667,0.5,N. incompta,40
A180-74,-0.05,-24.1667,0.5,N. dutertrei,125
A180-74,-0.05,-24.1667,0.5,G. conglomerata,0
A180-74,-0.05,-24.1667,0.5,G. hexagonus,0
A180-74,-0.05,-24.1667,0.5,P. obliquiloculata,0
A180-74,-0.05,-24.1667,0.5,G. inflata,42
A180-74,-0.05,-24.1667,0.5,G. crassaformis,6
A180-74,-0.05,-24.1667,0.5,G. hirsuta,0
A180-74,-0.05,-24.1667,0.5,G. scitula,1
A180-74,-0.05,-24.1667,0.5,D. anfracta,0
A180-74,-0.05,-24.1667,0.5,G. cultrata,0
A180-74,-0.05,-24.1667,0.5,G. tumida,0
A180-74,-0.05,-24.1667,0.5,C. nitida,0
A180-74,-0.05,-24.1667,0.5,G. glutinata,51
A180-74,-0.05,-24.1667,0.5,T. iota,0
A180-74,-0.05,-24.1667,0.5,G. uvula,0
A180-74,-0.05,-24.1667,0.5,B. pumilio,0
A180-74,-0.05,-24.1667,0.5,H. pelagica,0
A180-74,-0.05,-24.1667,0.5,H. digitata,0
A180-74,-0.05,-24.1667,0.5,G. truncatulinoides,56
V16-205,15.4,-43.4,0.19,O. universa,4
V16-205,15.4,-43.4,0.19,G. conglobatus,11
V16-205,15.4,-43.4,0.19,G. ruber ruber,16
V16-205,15.4,-43.4,0.19,G. ruber albus,239
V16-205,15.4,-43.4,0.19,G. tenellus,8
V16-205,15.4,-43.4,0.19,T. sacculifer,100
V16-205,15.4,-43.4,0.19,S. dehiscens,0
V16-205,15.4,-43.4,0.19,G. adamsi,0
V16-205,15.4,-43.4,0.19,G. siphonifera,15
V16-205,15.4,-43.4,0.19,G. calida,4
V16-205,15.4,-43.4,0.19,G. bulloides,4
V16-205,15.4,-43.4,0.19,G. falconensis,3
V16-205,15.4,-43.4,0.19,B. digitata,6
V16-205,15.4,-43.4,0.19,G. rubescens,0
V16-205,15.4,-43.4,0.19,T. humilis,0
V16-205,15.4,-43.4,0.19,T. quinqueloba,0
V16-205,15.4,-43.4,0.19,N. pachyderma,1
V16-205,15.4,-43.4,0.19,N. incompta,11
V16-205,15.4,-43.4,0.19,N. dutertrei,0
V16-205,15.4,-43.4,0.19,G. conglomerata,0
V16-205,15.4,-43.4,0.19,G. hexagonus,2
V16-205,15.4,-43.4,0.19,P. obliquiloculata,8
V16-205,15.4,-43.4,0.19,G. inflata,1
V16-205,15.4,-43.4,0.19,G. crassaformis,6
V16-205,15.4,-43.4,0.19,G. hirsuta,0
V16-205,15.4,-43.4,0.19,G. scitula,1
V16-205,15.4,-43.4,0.19,D. anfracta,1
V16-205,15.4,-43.4,0.19,G. cultrata,0
V16-205,15.4,-43.4,0.19,G. tumida,2
V16-205,15.4,-43.4,0.19,C. nitida,0
V16-205,15.4,-43.4,0.19,G. glutinata,0
V16-205,15.4,-43.4,0.19,T. iota,0
V16-205,15.4,-43.4,0.19,G. uvula,0
V16-205,15.4,-43.4,0.19,B. pumilio,0
V16-205,15.4,-43.4,0.19,H. pelagica,5
V16-205,15.4,-43.4,0.19,H. digitata,0
V16-205,15.4,-43.4,0.19,G. truncatulinoides,32
V16-25,5.067,-36.8,0.55,O. universa,3
V16-25,5.067,-36.8,0.55,G. conglobatus,3
V16-25,5.067,-36.8,0.55,G. ruber ruber,0
V16-25,5.067,-36.8,0.55,G. ruber albus,117
V16-25,5.067,-36.8,0.55,G. tenellus,0
V16-25,5.067,-36.8,0.55,T. sacculifer,117
V16-25,5.067,-36.8,0.55,S. dehiscens,0
V16-25,5.067,-36.8,0.55,G. adamsi,0
V16-25,5.067,-36.8,0.55,G. siphonifera,4
V16-25,5.067,-36.8,0.55,G. calida,1
V16-25,5.067,-36.8,0.55,G. bulloides,8
V16-25,5.067,-36.8,0.55,G. falconensis,0
V16-25,5.067,-36.8,0.55,B. digitata,1
V16-25,5.067,-36.8,0.55,G. rubescens,7
V16-25,5.067,-36.8,0.55,T. humilis,2
V16-25,5.067,-36.8,0.55,T. quinqueloba,0
V16-25,5.067,-36.8,0.55,N. pachyderma,0
V16-25,5.067,-36.8,0.55,N. incompta,4
V16-25,5.067,-36.8,0.55,N. dutertrei,33
V16-25,5.067,-36.8,0.55,G. conglomerata,0
V16-25,5.067,-36.8,0.55,G. hexagonus,0
V16-25,5.067,-36.8,0.55,P. obliquiloculata,0
V16-25,5.067,-36.8,0.55,G. inflata,0
V16-25,5.067,-36.8,0.55,G. crassaformis,6
V16-25,5.067,-36.8,0.55,G. hirsuta,0
V16-25,5.067,-36.8,0.55,G. scitula,0
V16-25,5.067,-36.8,0.55,D. anfracta,0
V16-25,5.067,-36.8,0.55,G. cultrata,0
V16-25,5.067,-36.8,0.55,G. tumida,0
V16-25,5.067,-36.8,0.55,C. nitida,0
V16-25,5.067,-36.8,0.55,G. glutinata,3
V16-25,5.067,-36.8,0.55,T. iota,0
V16-25,5.067,-36.8,0.55,G. uvula,0
V16-25,5.067,-36.8,0.55,B. pumilio,0
V16-25,5.067,-36.8,0.55,H. pelagica,0
V16-25,5.067,-36.8,0.55,H. digitata,0
V16-25,5.067,-36.8,0.55,G. truncatulinoides,4
V17-165,32.75,-41.9,0.5,O. universa,0
V17-165,32.75,-41.9,0.5,G. conglobatus,4
V17-165,32.75,-41.9,0.5,G. ruber ruber,0
V17-165,32.75,-41.9,0.5,G. ruber albus,100
V17-165,32.75,-41.9,0.5,G. tenellus,1
V17-165,32.75,-41.9,0.5,T. sacculifer,4
V17-165,32.75,-41.9,0.5,S. dehiscens,0
V17-165,32.75,-41.9,0.5,G. adamsi,0
V17-165,32.75,-41.9,0.5,G. siphonifera,5
V17-165,32.75,-41.9,0.5,G. calida,6
V17-165,32.75,-41.9,0.5,G. bulloides,13
V17-165,32.75,-41.9,0.5,G. falconensis,28
V17-165,32.75,-41.9,0.5,B. digitata,0
V17-165,32.75,-41.9,0.5,G. rubescens,0
V17-165,32.75,-41.9,0.5,T. humilis,0
V17-165,32.75,-41.9,0.5,T. quinqueloba,1
V17-165,32.75,-41.9,0.5,N. pachyderma,14
V17-165,32.75,-41.9,0.5,N. incompta,0
V17-165,32.75,-41.9,0.5,N. dutertrei,0
V17-165,32.75,-41.9,0.5,G. conglomerata,0
V17-165,32.75,-41.9,0.5,G. hexagonus,0
V17-165,32.75,-41.9,0.5,P. obliquiloculata,98
V17-165,32.75,-41.9,0.5,G. inflata,1
V17-165,32.75,-41.9,0.5,G. crassaformis,38
V17-165,32.75,-41.9,0.5,G. hirsuta,0
V17-165,32.75,-41.9,0.5,G. scitula,0
V17-165,32.75,-41.9,0.5,D. anfracta,0
V17-165,32.75,-41.9,0.5,G. cultrata,0
V17-165,32.75,-41.9,0.5,G. tumida,0
V17-165,32.75,-41.9,0.5,C. nitida,0
V17-165,32.75,-41.9,0.5,G. glutinata,0
V17-165,32.75,-41.9,0.5,T. iota,0
V17-165,32.75,-41.9,0.5,G. uvula,0
V17-165,32.75,-41.9,0.5,B. pumilio,0
V17-165,32.75,-41.9,0.5,H. pelagica,10
V17-165,32.75,-41.9,0.5,H. digitata,0
V17-165,32.75,-41.9,0.5,G. truncatulinoides,7
V19-291,2,-5.25,0.8,O. universa,6
V19-291,2,-5.25,0.8,G. conglobatus,1
V19-291,2,-5.25,0.8,G. ruber ruber,33
V19-291,2,-5.25,0.8,G. ruber albus,139
V19-291,2,-5.25,0.8,G. tenellus,0
V19-291,2,-5.25,0.8,T. sacculifer,31
V19-291,2,-5.25,0.8,S. dehiscens,0
V19-291,2,-5.25,0.8,G. adamsi,0
V19-291,2,-5.25,0.8,G. siphonifera,6
V19-291,2,-5.25,0.8,G. calida,0
V19-291,2,-5.25,0.8,G. bulloides,23
V19-291,2,-5.25,0.8,G. falconensis,0
V19-291,2,-5.25,0.8,B. digitata,0
V19-291,2,-5.25,0.8,G. rubescens,1
V19-291,2,-5.25,0.8,T. humilis,0
V19-291,2,-5.25,0.8,T. quinqueloba,0
V19-291,2,-5.25,0.8,N. pachyderma,1
V19-291,2,-5.25,0.8,N. incompta,12
V19-291,2,-5.25,0.8,N. dutertrei,54
V19-291,2,-5.25,0.8,G. conglomerata,0
V19-291,2,-5.25,0.8,G. hexagonus,0
V19-291,2,-5.25,0.8,P. obliquiloculata,1
V19-291,2,-5.25,0.8,G. inflata,18
V19-291,2,-5.25,0.8,G. crassaformis,8
V19-291,2,-5.25,0.8,G. hirsuta,0
V19-291,2,-5.25,0.8,G. scitula,2
V19-291,2,-5.25,0.8,D. anfracta,0
V19-291,2,-5.25,0.8,G. cultrata,0
V19-291,2,-5.25,0.8,G. tumida,0
V19-291,2,-5.25,0.8,C. nitida,0
V19-291,2,-5.25,0.8,G. glutinata,22
V19-291,2,-5.25,0.8,T. iota,0
V19-291,2,-5.25,0.8,G. uvula,0
V19-291,2,-5.25,0.8,B. pumilio,0
V19-291,2,-5.25,0.8,H. pelagica,0
V19-291,2,-5.25,0.8,H. digitata,0
V19-291,2,-5.25,0.8,G. truncatulinoides,2
V20-242,23.367,-43.65,0.29,O. universa,0
V20-242,23.367,-43.65,0.29,G. conglobatus,5
V20-242,23.367,-43.65,0.29,G. ruber ruber,4
V20-242,23.367,-43.65,0.29,G. ruber albus,211
V20-242,23.367,-43.65,0.29,G. tenellus,25
V20-242,23.367,-43.65,0.29,T. sacculifer,21
V20-242,23.367,-43.65,0.29,S. dehiscens,0
V20-242,23.367,-43.65,0.29,G. adamsi,0
V20-242,23.367,-43.65,0.29,G. siphonifera,24
V20-242,23.367,-43.65,0.29,G. calida,0
V20-242,23.367,-43.65,0.29,G. bulloides,4
V20-242,23.367,-43.65,0.29,G. falconensis,5
V20-242,23.367,-43.65,0.29,B. digitata,5
V20-242,23.367,-43.65,0.29,G. rubescens,0
V20-242,23.367,-43.65,0.29,T. humilis,0
V20-242,23.367,-43.65,0.29,T. quinqueloba,0
V20-242,23.367,-43.65,0.29,N. pachyderma,0
V20-242,23.367,-43.65,0.29,N. incompta,0
V20-242,23.367,-43.65,0.29,N. dutertrei,0
V20-242,23.367,-43.65,0.29,G. conglomerata,0
V20-242,23.367,-43.65,0.29,G. hexagonus,0
V20-242,23.367,-43.65,0.29,P. obliquiloculata,3
V20-242,23.367,-43.65,0.29,G. inflata,2
V20-242,23.367,-43.65,0.29,G. crassaformis,1
V20-242,23.367,-43.65,0.29,G. hirsuta,0
V20-242,23.367,-43.65,0.29,G. scitula,1
V20-242,23.367,-43.65,0.29,D. anfracta,0
V20-242,23.367,-43.65,0.29,G. cultrata,0
V20-242,23.367,-43.65,0.29,G. tumida,1
V20-242,23.367,-43.65,0.29,C. nitida,0
V20-242,23.367,-43.65,0.29,G. glutinata,0
V20-242,23.367,-43.65,0.29,T. iota,0
V20-242,23.367,-43.65,0.29,G. uvula,0
V20-242,23.367,-43.65,0.29,B. pumilio,0
V20-242,23.367,-43.65,0.29,H. pelagica,3
V20-242,23.367,-43.65,0.29,H. digitata,0
V20-242,23.367,-43.65,0.29,G. truncatulinoides,8
V22-186,3.383,-20.12,0.3,O. universa,1
V22-186,3.383,-20.12,0.3,G. conglobatus,8
V22-186,3.383,-20.12,0.3,G. ruber ruber,3
V22-186,3.383,-20.12,0.3,G. ruber albus,45
V22-186,3.383,-20.12,0.3,G. tenellus,0
V22-186,3.383,-20.12,0.3,T. sacculifer,92
V22-186,3.383,-20.12,0.3,S. dehiscens,0
V22-186,3.383,-20.12,0.3,G. adamsi,0
V22-186,3.383,-20.12,0.3,G. siphonifera,14
V22-186,3.383,-20.12,0.3,G. calida,0
V22-186,3.383,-20.12,0.3,G. bulloides,0
V22-186,3.383,-20.12,0.3,G. falconensis,4
V22-186,3.383,-20.12,0.3,B. digitata,5
V22-186,3.383,-20.12,0.3,G. rubescens,0
V22-186,3.383,-20.12,0.3,T. humilis,0
V22-186,3.383,-20.12,0.3,T. quinqueloba,0
V22-186,3.383,-20.12,0.3,N. pachyderma,1
V22-186,3.383,-20.12,0.3,N. incompta,15
V22-186,3.383,-20.12,0.3,N. dutertrei,106
V22-186,3.383,-20.12,0.3,G. conglomerata,0
V22-186,3.383,-20.12,0.3,G. hexagonus,0
V22-186,3.383,-20.12,0.3,P. obliquiloculata,2
V22-186,3.383,-20.12,0.3,G. inflata,25
V22-186,3.383,-20.12,0.3,G. crassaformis,12
V22-186,3.383,-20.12,0.3,G. hirsuta,0
V22-186,3.383,-20.12,0.3,G. scitula,0
V22-186,3.383,-20.12,0.3,D. anfracta,0
V22-186,3.383,-20.12,0.3,G. cultrata,1
V22-186,3.383,-20.12,0.3,G. tumida,3
V22-186,3.383,-20.12,0.3,C. nitida,0
V22-186,3.383,-20.12,0.3,G. glutinata,5
V22-186,3.383,-20.12,0.3,T. iota,0
V22-186,3.383,-20.12,0.3,G. uvula,0
V22-186,3.383,-20.12,0.3,B. pumilio,0
V22-186,3.383,-20.12,0.3,H. pelagica,0
V22-186,3.383,-20.12,0.3,H. digitata,0
V22-186,3.383,-20.12,0.3,G. truncatulinoides,4
V22-197,14.167,-18.58,0.72,O. universa,7
V22-197,14.167,-18.58,0.72,G. conglobatus,0
V22-197,14.167,-18.58,0.72,G. ruber ruber,20
V22-197,14.167,-18.58,0.72,G. ruber albus,40
V22-197,14.167,-18.58,0.72,G. tenellus,0
V22-197,14.167,-18.58,0.72,T. sacculifer,5
V22-197,14.167,-18.58,0.72,S. dehiscens,0
V22-197,14.167,-18.58,0.72,G. adamsi,0
V22-197,14.167,-18.58,0.72,G. siphonifera,5
V22-197,14.167,-18.58,0.72,G. calida,0
V22-197,14.167,-18.58,0.72,G. bulloides,116
V22-197,14.167,-18.58,0.72,G. falconensis,12
V22-197,14.167,-18.58,0.72,B. digitata,0
V22-197,14.167,-18.58,0.72,G. rubescens,0
V22-197,14.167,-18.58,0.72,T. humilis,3
V22-197,14.167,-18.58,0.72,T. quinqueloba,0
V22-197,14.167,-18.58,0.72,N. pachyderma,1
V22-197,14.167,-18.58,0.72,N. incompta,23
V22-197,14.167,-18.58,0.72,N. dutertrei,16
V22-197,14.167,-18.58,0.72,G. conglomerata,0
V22-197,14.167,-18.58,0.72,G. hexagonus,0
V22-197,14.167,-18.58,0.72,P. obliquiloculata,2
V22-197,14.167,-18.58,0.72,G. inflata,20
V22-197,14.167,-18.58,0.72,G. crassaformis,6
V22-197,14.167,-18.58,0.72,G. hirsuta,0
V22-197,14.167,-18.58,0.72,G. scitula,3
V22-197,14.167,-18.58,0.72,D. anfracta,0
V22-197,14.167,-18.58,0.72,G. cultrata,6
V22-197,14.167,-18.58,0.72,G. tumida,3
V22-197,14.167,-18.58,0.72,C. nitida,0
V22-197,14.167,-18.58,0.72,G. glutinata,22
V22-197,14.167,-18.58,0.72,T. iota,0
V22-197,14.167,-18.58,0.72,G. uvula,1
V22-197,14.167,-18.58,0.72,B. pumilio,0
V22-197,14.167,-18.58,0.72,H. pelagica,0
V22-197,14.167,-18.58,0.72,H. digitata,0
V22-197,14.167,-18.58,0.72,G. truncatulinoides,0
V22-26,8.717,-41.25,0.4,O. universa,0
V22-26,8.717,-41.25,0.4,G. conglobatus,0
V22-26,8.717,-41.25,0.4,G. ruber ruber,4
V22-26,8.717,-41.25,0.4,G. ruber albus,171
V22-26,8.717,-41.25,0.4,G. tenellus,1
V22-26,8.717,-41.25,0.4,T. sacculifer,60
V22-26,8.717,-41.25,0.4,S. dehiscens,0
V22-26,8.717,-41.25,0.4,G. adamsi,0
V22-26,8.717,-41.25,0.4,G. siphonifera,4
V22-26,8.717,-41.25,0.4,G. calida,3
V22-26,8.717,-41.25,0.4,G. bulloides,22
V22-26,8.717,-41.25,0.4,G. falconensis,5
V22-26,8.717,-41.25,0.4,B. digitata,5
V22-26,8.717,-41.25,0.4,G. rubescens,4
V22-26,8.717,-41.25,0.4,T. humilis,0
V22-26,8.717,-41.25,0.4,T. quinqueloba,0
V22-26,8.717,-41.25,0.4,N. pachyderma,0
V22-26,8.717,-41.25,0.4,N. incompta,0
V22-26,8.717,-41.25,0.4,N. dutertrei,40
V22-26,8.717,-41.25,0.4,G. conglomerata,0
V22-26,8.717,-41.25,0.4,G. hexagonus,0
V22-26,8.717,-41.25,0.4,P. obliquiloculata,0
V22-26,8.717,-41.25,0.4,G. inflata,12
V22-26,8.717,-41.25,0.4,G. crassaformis,6
V22-26,8.717,-41.25,0.4,G. hirsuta,0
V22-26,8.717,-41.25,0.4,G. scitula,5
V22-26,8.717,-41.25,0.4,D. anfracta,0
V22-26,8.717,-41.25,0.4,G. cultrata,0
V22-26,8.717,-41.25,0.4,G. tumida,0
V22-26,8.717,-41.25,0.4,C. nitida,0
V22-26,8.717,-41.25,0.4,G. glutinata,51
V22-26,8.717,-41.25,0.4,T. iota,0
V22-26,8.717,-41.25,0.4,G. uvula,0
V22-26,8.717,-41.25,0.4,B. pumilio,0
V22-26,8.717,-41.25,0.4,H. pelagica,0
V22-26,8.717,-41.25,0.4,H. digitata,0
V22-26,8.717,-41.25,0.4,G. truncatulinoides,15
V23-100,21.3,-22.68,0.42,O. universa,3
V23-100,21.3,-22.68,0.42,G. conglobatus,0
V23-100,21.3,-22.68,0.42,G. ruber ruber,3
V23-100,21.3,-22.68,0.42,G. ruber albus,16
V23-100,21.3,-22.68,0.42,G. tenellus,2
V23-100,21.3,-22.68,0.42,T. sacculifer,14
V23-100,21.3,-22.68,0.42,S. dehiscens,0
V23-100,21.3,-22.68,0.42,G. adamsi,0
V23-100,21.3,-22.68,0.42,G. siphonifera,14
V23-100,21.3,-22.68,0.42,G. calida,1
V23-100,21.3,-22.68,0.42,G. bulloides,27
V23-100,21.3,-22.68,0.42,G. falconensis,3
V23-100,21.3,-22.68,0.42,B. digitata,0
V23-100,21.3,-22.68,0.42,G. rubescens,0
V23-100,21.3,-22.68,0.42,T. humilis,1
V23-100,21.3,-22.68,0.42,T. quinqueloba,2
V23-100,21.3,-22.68,0.42,N. pachyderma,9
V23-100,21.3,-22.68,0.42,N. incompta,31
V23-100,21.3,-22.68,0.42,N. dutertrei,0
V23-100,21.3,-22.68,0.42,G. conglomerata,0
V23-100,21.3,-22.68,0.42,G. hexagonus,0
V23-100,21.3,-22.68,0.42,P. obliquiloculata,39
V23-100,21.3,-22.68,0.42,G. inflata,2
V23-100,21.3,-22.68,0.42,G. crassaformis,112
V23-100,21.3,-22.68,0.42,G. hirsuta,0
V23-100,21.3,-22.68,0.42,G. scitula,3
V23-100,21.3,-22.68,0.42,D. anfracta,0
V23-100,21.3,-22.68,0.42,G. cultrata,0
V23-100,21.3,-22.68,0.42,G. tumida,3
V23-100,21.3,-22.68,0.42,C. nitida,0
V23-100,21.3,-22.68,0.42,G. glutinata,0
V23-100,21.3,-22.68,0.42,T. iota,0
V23-100,21.3,-22.68,0.42,G. uvula,0
V23-100,21.3,-22.68,0.42,B. pumilio,0
V23-100,21.3,-22.68,0.42,H. pelagica,7
V23-100,21.3,-22.68,0.42,H. digitata,0
V23-100,21.3,-22.68,0.42,G. truncatulinoides,3
V23-91,29.583,-28.57,0.3,O. universa,4
V23-91,29.583,-28.57,0.3,G. conglobatus,3
V23-91,29.583,-28.57,0.3,G. ruber ruber,1
V23-91,29.583,-28.57,0.3,G. ruber albus,61
V23-91,29.583,-28.57,0.3,G. tenellus,6
V23-91,29.583,-28.57,0.3,T. sacculifer,2
V23-91,29.583,-28.57,0.3,S. dehiscens,0
V23-91,29.583,-28.57,0.3,G. adamsi,0
V23-91,29.583,-28.57,0.3,G. siphonifera,29
V23-91,29.583,-28.57,0.3,G. calida,2
V23-91,29.583,-28.57,0.3,G. bulloides,20
V23-91,29.583,-28.57,0.3,G. falconensis,66
V23-91,29.583,-28.57,0.3,B. digitata,2
V23-91,29.583,-28.57,0.3,G. rubescens,0
V23-91,29.583,-28.57,0.3,T. humilis,1
V23-91,29.583,-28.57,0.3,T. quinqueloba,0
V23-91,29.583,-28.57,0.3,N. pachyderma,5
V23-91,29.583,-28.57,0.3,N. incompta,0
V23-91,29.583,-28.57,0.3,N. dutertrei,0
V23-91,29.583,-28.57,0.3,G. conglomerata,0
V23-91,29.583,-28.57,0.3,G. hexagonus,0
V23-91,29.583,-28.57,0.3,P. obliquiloculata,57
V23-91,29.583,-28.57,0.3,G. inflata,10
V23-91,29.583,-28.57,0.3,G. crassaformis,6
V23-91,29.583,-28.57,0.3,G. hirsuta,0
V23-91,29.583,-28.57,0.3,G. scitula,0
V23-91,29.583,-28.57,0.3,D. anfracta,0
V23-91,29.583,-28.57,0.3,G. cultrata,0
V23-91,29.583,-28.57,0.3,G. tumida,0
V23-91,29.583,-28.57,0.3,C. nitida,0
V23-91,29.583,-28.57,0.3,G. glutinata,0
V23-91,29.583,-28.57,0.3,T. iota,0
V23-91,29.583,-28.57,0.3,G. uvula,0
V23-91,29.583,-28.57,0.3,B. pumilio,0
V23-91,29.583,-28.57,0.3,H. pelagica,4
V23-91,29.583,-28.57,0.3,H. digitata,0
V23-91,29.583,-28.57,0.3,G. truncatulinoides,23
V25-59,1.367,-33.48,0.7,O. universa,1
V25-59,1.367,-33.48,0.7,G. conglobatus,1
V25-59,1.367,-33.48,0.7,G. ruber ruber,13
V25-59,1.367,-33.48,0.7,G. ruber albus,148
V25-59,1.367,-33.48,0.7,G. tenellus,0
V25-59,1.367,-33.48,0.7,T. sacculifer,84
V25-59,1.367,-33.48,0.7,S. dehiscens,0
V25-59,1.367,-33.48,0.7,G. adamsi,0
V25-59,1.367,-33.48,0.7,G. siphonifera,6
V25-59,1.367,-33.48,0.7,G. calida,8
V25-59,1.367,-33.48,0.7,G. bulloides,8
V25-59,1.367,-33.48,0.7,G. falconensis,2
V25-59,1.367,-33.48,0.7,B. digitata,2
V25-59,1.367,-33.48,0.7,G. rubescens,12
V25-59,1.367,-33.48,0.7,T. humilis,0
V25-59,1.367,-33.48,0.7,T. quinqueloba,0
V25-59,1.367,-33.48,0.7,N. pachyderma,0
V25-59,1.367,-33.48,0.7,N. incompta,11
V25-59,1.367,-33.48,0.7,N. dutertrei,122
V25-59,1.367,-33.48,0.7,G. conglomerata,0
V25-59,1.367,-33.48,0.7,G. hexagonus,0
V25-59,1.367,-33.48,0.7,P. obliquiloculata,0
V25-59,1.367,-33.48,0.7,G. inflata,12
V25-59,1.367,-33.48,0.7,G. crassaformis,7
V25-59,1.367,-33.48,0.7,G. hirsuta,0
V25-59,1.367,-33.48,0.7,G. scitula,0
V25-59,1.367,-33.48,0.7,D. anfracta,0
V25-59,1.367,-33.48,0.7,G. cultrata,2
V25-59,1.367,-33.48,0.7,G. tumida,0
V25-59,1.367,-33.48,0.7,C. nitida,0
V25-59,1.367,-33.48,0.7,G. glutinata,57
V25-59,1.367,-33.48,0.7,T. iota,0
V25-59,1.367,-33.48,0.7,G. uvula,0
V25-59,1.367,-33.48,0.7,B. pumilio,0
V25-59,1.367,-33.48,0.7,H. pelagica,0
V25-59,1.367,-33.48,0.7,H. digitata,0
V25-59,1.367,-33.48,0.7,G. truncatulinoides,60
V26-41,19.333,-26.12,0.43,O. universa,5
V26-41,19.333,-26.12,0.43,G. conglobatus,1
V26-41,19.333,-26.12,0.43,G. ruber ruber,3
V26-41,19.333,-26.12,0.43,G. ruber albus,53
V26-41,19.333,-26.12,0.43,G. tenellus,1
V26-41,19.333,-26.12,0.43,T. sacculifer,42
V26-41,19.333,-26.12,0.43,S. dehiscens,0
V26-41,19.333,-26.12,0.43,G. adamsi,0
V26-41,19.333,-26.12,0.43,G. siphonifera,2
V26-41,19.333,-26.12,0.43,G. calida,5
V26-41,19.333,-26.12,0.43,G. bulloides,18
V26-41,19.333,-26.12,0.43,G. falconensis,13
V26-41,19.333,-26.12,0.43,B. digitata,0
V26-41,19.333,-26.12,0.43,G. rubescens,0
V26-41,19.333,-26.12,0.43,T. humilis,0
V26-41,19.333,-26.12,0.43,T. quinqueloba,2
V26-41,19.333,-26.12,0.43,N. pachyderma,15
V26-41,19.333,-26.12,0.43,N. incompta,4
V26-41,19.333,-26.12,0.43,N. dutertrei,0
V26-41,19.333,-26.12,0.43,G. conglomerata,0
V26-41,19.333,-26.12,0.43,G. hexagonus,0
V26-41,19.333,-26.12,0.43,P. obliquiloculata,46
V26-41,19.333,-26.12,0.43,G. inflata,1
V26-41,19.333,-26.12,0.43,G. crassaformis,82
V26-41,19.333,-26.12,0.43,G. hirsuta,0
V26-41,19.333,-26.12,0.43,G. scitula,0
V26-41,19.333,-26.12,0.43,D. anfracta,0
V26-41,19.333,-26.12,0.43,G. cultrata,0
V26-41,19.333,-26.12,0.43,G. tumida,0
V26-41,19.333,-26.12,0.43,C. nitida,0
V26-41,19.333,-26.12,0.43,G. glutinata,0
V26-41,19.333,-26.12,0.43,T. iota,0
V26-41,19.333,-26.12,0.43,G. uvula,0
V26-41,19.333,-26.12,0.43,B. pumilio,0
V26-41,19.333,-26.12,0.43,H. pelagica,0
V26-41,19.333,-26.12,0.43,H. digitata,0
V26-41,19.333,-26.12,0.43,G. truncatulinoides,6
V27-178,5.1,-26.65,0.55,O. universa,5
V27-178,5.1,-26.65,0.55,G. conglobatus,14
V27-178,5.1,-26.65,0.55,G. ruber ruber,1
V27-178,5.1,-26.65,0.55,G. ruber albus,80
V27-178,5.1,-26.65,0.55,G. tenellus,1
V27-178,5.1,-26.65,0.55,T. sacculifer,137
V27-178,5.1,-26.65,0.55,S. dehiscens,0
V27-178,5.1,-26.65,0.55,G. adamsi,0
V27-178,5.1,-26.65,0.55,G. siphonifera,15
V27-178,5.1,-26.65,0.55,G. calida,0
V27-178,5.1,-26.65,0.55,G. bulloides,15
V27-178,5.1,-26.65,0.55,G. falconensis,1
V27-178,5.1,-26.65,0.55,B. digitata,2
V27-178,5.1,-26.65,0.55,G. rubescens,0
V27-178,5.1,-26.65,0.55,T. humilis,0
V27-178,5.1,-26.65,0.55,T. quinqueloba,0
V27-178,5.1,-26.65,0.55,N. pachyderma,0
V27-178,5.1,-26.65,0.55,N. incompta,2
V27-178,5.1,-26.65,0.55,N. dutertrei,105
V27-178,5.1,-26.65,0.55,G. conglomerata,0
V27-178,5.1,-26.65,0.55,G. hexagonus,0
V27-178,5.1,-26.65,0.55,P. obliquiloculata,0
V27-178,5.1,-26.65,0.55,G. inflata,4
V27-178,5.1,-26.65,0.55,G. crassaformis,12
V27-178,5.1,-26.65,0.55,G. hirsuta,0
V27-178,5.1,-26.65,0.55,G. scitula,0
V27-178,5.1,-26.65,0.55,D. anfracta,0
V27-178,5.1,-26.65,0.55,G. cultrata,0
V27-178,5.1,-26.65,0.55,G. tumida,0
V27-178,5.1,-26.65,0.55,C. nitida,0
V27-178,5.1,-26.65,0.55,G. glutinata,1
V27-178,5.1,-26.65,0.55,T. iota,0
V27-178,5.1,-26.65,0.55,G. uvula,0
V27-178,5.1,-26.65,0.55,B. pumilio,0
V27-178,5.1,-26.65,0.55,H. pelagica,0
V27-178,5.1,-26.65,0.55,H. digitata,0
V27-178,5.1,-26.65,0.55,G. truncatulinoides,9
V27-248,3.05,-11.82,0.82,O. universa,4
V27-248,3.05,-11.82,0.82,G. conglobatus,2
V27-248,3.05,-11.82,0.82,G. ruber ruber,15
V27-248,3.05,-11.82,0.82,G. ruber albus,31
V27-248,3.05,-11.82,0.82,G. tenellus,1
V27-248,3.05,-11.82,0.82,T. sacculifer,29
V27-248,3.05,-11.82,0.82,S. dehiscens,0
V27-248,3.05,-11.82,0.82,G. adamsi,0
V27-248,3.05,-11.82,0.82,G. siphonifera,0
V27-248,3.05,-11.82,0.82,G. calida,0
V27-248,3.05,-11.82,0.82,G. bulloides,0
V27-248,3.05,-11.82,0.82,G. falconensis,0
V27-248,3.05,-11.82,0.82,B. digitata,0
V27-248,3.05,-11.82,0.82,G. rubescens,2
V27-248,3.05,-11.82,0.82,T. humilis,0
V27-248,3.05,-11.82,0.82,T. quinqueloba,0
V27-248,3.05,-11.82,0.82,N. pachyderma,0
V27-248,3.05,-11.82,0.82,N. incompta,9
V27-248,3.05,-11.82,0.82,N. dutertrei,26
V27-248,3.05,-11.82,0.82,G. conglomerata,0
V27-248,3.05,-11.82,0.82,G. hexagonus,0
V27-248,3.05,-11.82,0.82,P. obliquiloculata,0
V27-248,3.05,-11.82,0.82,G. inflata,11
V27-248,3.05,-11.82,0.82,G. crassaformis,20
V27-248,3.05,-11.82,0.82,G. hirsuta,0
V27-248,3.05,-11.82,0.82,G. scitula,0
V27-248,3.05,-11.82,0.82,D. anfracta,0
V27-248,3.05,-11.82,0.82,G. cultrata,0
V27-248,3.05,-11.82,0.82,G. tumida,0
V27-248,3.05,-11.82,0.82,C. nitida,0
V27-248,3.05,-11.82,0.82,G. glutinata,14
V27-248,3.05,-11.82,0.82,T. iota,0
V27-248,3.05,-11.82,0.82,G. uvula,0
V27-248,3.05,-11.82,0.82,B. pumilio,0
V27-248,3.05,-11.82,0.82,H. pelagica,0
V27-248,3.05,-11.82,0.82,H. digitata,0
V27-248,3.05,-11.82,0.82,G. truncatulinoides,0
V27-263,35.017,-40.92,0.2,O. universa,3
V27-263,35.017,-40.92,0.2,G. conglobatus,1
V27-263,35.017,-40.92,0.2,G. ruber ruber,1
V27-263,35.017,-40.92,0.2,G. ruber albus,39
V27-263,35.017,-40.92,0.2,G. tenellus,1
V27-263,35.017,-40.92,0.2,T. sacculifer,2
V27-263,35.017,-40.92,0.2,S. dehiscens,0
V27-263,35.017,-40.92,0.2,G. adamsi,0
V27-263,35.017,-40.92,0.2,G. siphonifera,9
V27-263,35.017,-40.92,0.2,G. calida,4
V27-263,35.017,-40.92,0.2,G. bulloides,49
V27-263,35.017,-40.92,0.2,G. falconensis,24
V27-263,35.017,-40.92,0.2,B. digitata,0
V27-263,35.017,-40.92,0.2,G. rubescens,0
V27-263,35.017,-40.92,0.2,T. humilis,5
V27-263,35.017,-40.92,0.2,T. quinqueloba,0
V27-263,35.017,-40.92,0.2,N. pachyderma,23
V27-263,35.017,-40.92,0.2,N. incompta,6
V27-263,35.017,-40.92,0.2,N. dutertrei,0
V27-263,35.017,-40.92,0.2,G. conglomerata,0
V27-263,35.017,-40.92,0.2,G. hexagonus,0
V27-263,35.017,-40.92,0.2,P. obliquiloculata,69
V27-263,35.017,-40.92,0.2,G. inflata,0
V27-263,35.017,-40.92,0.2,G. crassaformis,29
V27-263,35.017,-40.92,0.2,G. hirsuta,0
V27-263,35.017,-40.92,0.2,G. scitula,0
V27-263,35.017,-40.92,0.2,D. anfracta,0
V27-263,35.017,-40.92,0.2,G. cultrata,0
V27-263,35.017,-40.92,0.2,G. tumida,0
V27-263,35.017,-40.92,0.2,C. nitida,0
V27-263,35.017,-40.92,0.2,G. glutinata,0
V27-263,35.017,-40.92,0.2,T. iota,0
V27-263,35.017,-40.92,0.2,G. uvula,0
V27-263,35.017,-40.92,0.2,B. pumilio,0
V27-263,35.017,-40.92,0.2,H. pelagica,3
V27-263,35.017,-40.92,0.2,H. digitata,0
V27-263,35.017,-40.92,0.2,G. truncatulinoides,3
V27-47,68.467,-13.55,0.5,O. universa,0
V27-47,68.467,-13.55,0.5,G. conglobatus,0
V27-47,68.467,-13.55,0.5,G. ruber ruber,0
V27-47,68.467,-13.55,0.5,G. ruber albus,0
V27-47,68.467,-13.55,0.5,G. tenellus,0
V27-47,68.467,-13.55,0.5,T. sacculifer,0
V27-47,68.467,-13.55,0.5,S. dehiscens,0
V27-47,68.467,-13.55,0.5,G. adamsi,0
V27-47,68.467,-13.55,0.5,G. siphonifera,0
V27-47,68.467,-13.55,0.5,G. calida,0
V27-47,68.467,-13.55,0.5,G. bulloides,0
V27-47,68.467,-13.55,0.5,G. falconensis,0
V27-47,68.467,-13.55,0.5,B. digitata,0
V27-47,68.467,-13.55,0.5,G. rubescens,0
V27-47,68.467,-13.55,0.5,T. humilis,0
V27-47,68.467,-13.55,0.5,T. quinqueloba,0
V27-47,68.467,-13.55,0.5,N. pachyderma,295
V27-47,68.467,-13.55,0.5,N. incompta,5
V27-47,68.467,-13.55,0.5,N. dutertrei,0
V27-47,68.467,-13.55,0.5,G. conglomerata,0
V27-47,68.467,-13.55,0.5,G. hexagonus,0
V27-47,68.467,-13.55,0.5,P. obliquiloculata,0
V27-47,68.467,-13.55,0.5,G. inflata,0
V27-47,68.467,-13.55,0.5,G. crassaformis,0
V27-47,68.467,-13.55,0.5,G. hirsuta,0
V27-47,68.467,-13.55,0.5,G. scitula,0
V27-47,68.467,-13.55,0.5,D. anfracta,0
V27-47,68.467,-13.55,0.5,G. cultrata,0
V27-47,68.467,-13.55,0.5,G. tumida,0
V27-47,68.467,-13.55,0.5,C. nitida,0
V27-47,68.467,-13.55,0.5,G. glutinata,0
V27-47,68.467,-13.55,0.5,T. iota,0
V27-47,68.467,-13.55,0.5,G. uvula,0
V27-47,68.467,-13.55,0.5,B. pumilio,0
V27-47,68.467,-13.55,0.5,H. pelagica,0
V27-47,68.467,-13.55,0.5,H. digitata,0
V27-47,68.467,-13.55,0.5,G. truncatulinoides,0
V27-60,72.183,8.583,1.1,O. universa,0
V27-60,72.183,8.583,1.1,G. conglobatus,0
V27-60,72.183,8.583,1.1,G. ruber ruber,0
V27-60,72.183,8.583,1.1,G. ruber albus,0
V27-60,72.183,8.583,1.1,G. tenellus,0
V27-60,72.183,8.583,1.1,T. sacculifer,0
V27-60,72.183,8.583,1.1,S. dehiscens,0
V27-60,72.183,8.583,1.1,G. adamsi,0
V27-60,72.183,8.583,1.1,G. siphonifera,0
V27-60,72.183,8.583,1.1,G. calida,0
V27-60,72.183,8.583,1.1,G. bulloides,0
V27-60,72.183,8.583,1.1,G. falconensis,0
V27-60,72.183,8.583,1.1,B. digitata,0
V27-60,72.183,8.583,1.1,G. rubescens,0
V27-60,72.183,8.583,1.1,T. humilis,0
V27-60,72.183,8.583,1.1,T. quinqueloba,3
V27-60,72.183,8.583,1.1,N. pachyderma,5
V27-60,72.183,8.583,1.1,N. incompta,0
V27-60,72.183,8.583,1.1,N. dutertrei,0
V27-60,72.183,8.583,1.1,G. conglomerata,0
V27-60,72.183,8.583,1.1,G. hexagonus,0
V27-60,72.183,8.583,1.1,P. obliquiloculata,0
V27-60,72.183,8.583,1.1,G. inflata,0
V27-60,72.183,8.583,1.1,G. crassaformis,0
V27-60,72.183,8.583,1.1,G. hirsuta,0
V27-60,72.183,8.583,1.1,G. scitula,0
V27-60,72.183,8.583,1.1,D. anfracta,0
V27-60,72.183,8.583,1.1,G. cultrata,0
V27-60,72.183,8.583,1.1,G. tumida,0
V27-60,72.183,8.583,1.1,C. nitida,0
V27-60,72.183,8.583,1.1,G. glutinata,1
V27-60,72.183,8.583,1.1,T. iota,0
V27-60,72.183,8.583,1.1,G. uvula,0
V27-60,72.183,8.583,1.1,B. pumilio,0
V27-60,72.183,8.583,1.1,H. pelagica,0
V27-60,72.183,8.583,1.1,H. digitata,0
V27-60,72.183,8.583,1.1,G. truncatulinoides,0
V27-86,66.6,1.117,0.8,O. universa,0
V27-86,66.6,1.117,0.8,G. conglobatus,0
V27-86,66.6,1.117,0.8,G. ruber ruber,0
V27-86,66.6,1.117,0.8,G. ruber albus,0
V27-86,66.6,1.117,0.8,G. tenellus,0
V27-86,66.6,1.117,0.8,T. sacculifer,0
V27-86,66.6,1.117,0.8,S. dehiscens,0
V27-86,66.6,1.117,0.8,G. adamsi,0
V27-86,66.6,1.117,0.8,G. siphonifera,0
V27-86,66.6,1.117,0.8,G. calida,0
V27-86,66.6,1.117,0.8,G. bulloides,0
V27-86,66.6,1.117,0.8,G. falconensis,0
V27-86,66.6,1.117,0.8,B. digitata,0
V27-86,66.6,1.117,0.8,G. rubescens,0
V27-86,66.6,1.117,0.8,T. humilis,0
V27-86,66.6,1.117,0.8,T. quinqueloba,0
V27-86,66.6,1.117,0.8,N. pachyderma,661
V27-86,66.6,1.117,0.8,N. incompta,7
V27-86,66.6,1.117,0.8,N. dutertrei,0
V27-86,66.6,1.117,0.8,G. conglomerata,0
V27-86,66.6,1.117,0.8,G. hexagonus,0
V27-86,66.6,1.117,0.8,P. obliquiloculata,0
V27-86,66.6,1.117,0.8,G. inflata,0
V27-86,66.6,1.117,0.8,G. crassaformis,0
V27-86,66.6,1.117,0.8,G. hirsuta,0
V27-86,66.6,1.117,0.8,G. scitula,0
V27-86,66.6,1.117,0.8,D. anfracta,0
V27-86,66.6,1.117,0.8,G. cultrata,0
V27-86,66.6,1.117,0.8,G. tumida,0
V27-86,66.6,1.117,0.8,C. nitida,0
V27-86,66.6,1.117,0.8,G. glutinata,1
V27-86,66.6,1.117,0.8,T. iota,0
V27-86,66.6,1.117,0.8,G. uvula,0
V27-86,66.6,1.117,0.8,B. pumilio,0
V27-86,66.6,1.117,0.8,H. pelagica,0
V27-86,66.6,1.117,0.8,H. digitata,0
V27-86,66.6,1.117,0.8,G. truncatulinoides,0
V28-14,64.783,-29.57,1.6,O. universa,0
V28-14,64.783,-29.57,1.6,G. conglobatus,0
V28-14,64.783,-29.57,1.6,G. ruber ruber,0
V28-14,64.783,-29.57,1.6,G. ruber albus,0
V28-14,64.783,-29.57,1.6,G. tenellus,0
V28-14,64.783,-29.57,1.6,T. sacculifer,0
V28-14,64.783,-29.57,1.6,S. dehiscens,0
V28-14,64.783,-29.57,1.6,G. adamsi,0
V28-14,64.783,-29.57,1.6,G. siphonifera,0
V28-14,64.783,-29.57,1.6,G. calida,0
V28-14,64.783,-29.57,1.6,G. bulloides,0
V28-14,64.783,-29.57,1.6,G. falconensis,0
V28-14,64.783,-29.57,1.6,B. digitata,0
V28-14,64.783,-29.57,1.6,G. rubescens,0
V28-14,64.783,-29.57,1.6,T. humilis,0
V28-14,64.783,-29.57,1.6,T. quinqueloba,4
V28-14,64.783,-29.57,1.6,N. pachyderma,649
V28-14,64.783,-29.57,1.6,N. incompta,11
V28-14,64.783,-29.57,1.6,N. dutertrei,0
V28-14,64.783,-29.57,1.6,G. conglomerata,0
V28-14,64.783,-29.57,1.6,G. hexagonus,0
V28-14,64.783,-29.57,1.6,P. obliquiloculata,0
V28-14,64.783,-29.57,1.6,G. inflata,0
V28-14,64.783,-29.57,1.6,G. crassaformis,0
V28-14,64.783,-29.57,1.6,G. hirsuta,0
V28-14,64.783,-29.57,1.6,G. scitula,0
V28-14,64.783,-29.57,1.6,D. anfracta,0
V28-14,64.783,-29.57,1.6,G. cultrata,0
V28-14,64.783,-29.57,1.6,G. tumida,0
V28-14,64.783,-29.57,1.6,C. nitida,0
V28-14,64.783,-29.57,1.6,G. glutinata,0
V28-14,64.783,-29.57,1.6,T. iota,0
V28-14,64.783,-29.57,1.6,G. uvula,0
V28-14,64.783,-29.57,1.6,B. pumilio,0
V28-14,64.783,-29.57,1.6,H. pelagica,0
V28-14,64.783,-29.57,1.6,H. digitata,0
V28-14,64.783,-29.57,1.6,G. truncatulinoides,0
V28-56,68.033,-6.117,0.7,O. universa,0
V28-56,68.033,-6.117,0.7,G. conglobatus,0
V28-56,68.033,-6.117,0.7,G. ruber ruber,0
V28-56,68.033,-6.117,0.7,G. ruber albus,0
V28-56,68.033,-6.117,0.7,G. tenellus,0
V28-56,68.033,-6.117,0.7,T. sacculifer,0
V28-56,68.033,-6.117,0.7,S. dehiscens,0
V28-56,68.033,-6.117,0.7,G. adamsi,0
V28-56,68.033,-6.117,0.7,G. siphonifera,0
V28-56,68.033,-6.117,0.7,G. calida,0
V28-56,68.033,-6.117,0.7,G. bulloides,0
V28-56,68.033,-6.117,0.7,G. falconensis,0
V28-56,68.033,-6.117,0.7,B. digitata,0
V28-56,68.033,-6.117,0.7,G. rubescens,0
V28-56,68.033,-6.117,0.7,T. humilis,0
V28-56,68.033,-6.117,0.7,T. quinqueloba,0
V28-56,68.033,-6.117,0.7,N. pachyderma,482
V28-56,68.033,-6.117,0.7,N. incompta,1
V28-56,68.033,-6.117,0.7,N. dutertrei,0
V28-56,68.033,-6.117,0.7,G. conglomerata,0
V28-56,68.033,-6.117,0.7,G. hexagonus,0
V28-56,68.033,-6.117,0.7,P. obliquiloculata,0
V28-56,68.033,-6.117,0.7,G. inflata,0
V28-56,68.033,-6.117,0.7,G. crassaformis,0
V28-56,68.033,-6.117,0.7,G. hirsuta,0
V28-56,68.033,-6.117,0.7,G. scitula,0
V28-56,68.033,-6.117,0.7,D. anfracta,0
V28-56,68.033,-6.117,0.7,G. cultrata,0
V28-56,68.033,-6.117,0.7,G. tumida,0
V28-56,68.033,-6.117,0.7,C. nitida,0
V28-56,68.033,-6.117,0.7,G. glutinata,0
V28-56,68.033,-6.117,0.7,T. iota,0
V28-56,68.033,-6.117,0.7,G. uvula,0
V28-56,68.033,-6.117,0.7,B. pumilio,0
V28-56,68.033,-6.117,0.7,H. pelagica,0
V28-56,68.033,-6.117,0.7,H. digitata,0
V28-56,68.033,-6.117,0.7,G. truncatulinoides,0
V29-173,33.7,-29.38,0.25,O. universa,6
V29-173,33.7,-29.38,0.25,G. conglobatus,0
V29-173,33.7,-29.38,0.25,G. ruber ruber,0
V29-173,33.7,-29.38,0.25,G. ruber albus,29
V29-173,33.7,-29.38,0.25,G. tenellus,1
V29-173,33.7,-29.38,0.25,T. sacculifer,1
V29-173,33.7,-29.38,0.25,S. dehiscens,0
V29-173,33.7,-29.38,0.25,G. adamsi,0
V29-173,33.7,-29.38,0.25,G. siphonifera,12
V29-173,33.7,-29.38,0.25,G. calida,4
V29-173,33.7,-29.38,0.25,G. bulloides,14
V29-173,33.7,-29.38,0.25,G. falconensis,52
V29-173,33.7,-29.38,0.25,B. digitata,3
V29-173,33.7,-29.38,0.25,G. rubescens,3
V29-173,33.7,-29.38,0.25,T. humilis,4
V29-173,33.7,-29.38,0.25,T. quinqueloba,1
V29-173,33.7,-29.38,0.25,N. pachyderma,22
V29-173,33.7,-29.38,0.25,N. incompta,2
V29-173,33.7,-29.38,0.25,N. dutertrei,0
V29-173,33.7,-29.38,0.25,G. conglomerata,0
V29-173,33.7,-29.38,0.25,G. hexagonus,0
V29-173,33.7,-29.38,0.25,P. obliquiloculata,74
V29-173,33.7,-29.38,0.25,G. inflata,1
V29-173,33.7,-29.38,0.25,G. crassaformis,23
V29-173,33.7,-29.38,0.25,G. hirsuta,0
V29-173,33.7,-29.38,0.25,G. scitula,0
V29-173,33.7,-29.38,0.25,D. anfracta,0
V29-173,33.7,-29.38,0.25,G. cultrata,0
V29-173,33.7,-29.38,0.25,G. tumida,0
V29-173,33.7,-29.38,0.25,C. nitida,0
V29-173,33.7,-29.38,0.25,G. glutinata,0
V29-173,33.7,-29.38,0.25,T. iota,0
V29-173,33.7,-29.38,0.25,G. uvula,0
V29-173,33.7,-29.38,0.25,B. pumilio,0
V29-173,33.7,-29.38,0.25,H. pelagica,2
V29-173,33.7,-29.38,0.25,H. digitata,0
V29-173,33.7,-29.38,0.25,G. truncatulinoides,13
V29-174,36.3,-29.37,0.4,O. universa,1
V29-174,36.3,-29.37,0.4,G. conglobatus,0
V29-174,36.3,-29.37,0.4,G. ruber ruber,0
V29-174,36.3,-29.37,0.4,G. ruber albus,43
V29-174,36.3,-29.37,0.4,G. tenellus,0
V29-174,36.3,-29.37,0.4,T. sacculifer,0
V29-174,36.3,-29.37,0.4,S. dehiscens,0
V29-174,36.3,-29.37,0.4,G. adamsi,0
V29-174,36.3,-29.37,0.4,G. siphonifera,7
V29-174,36.3,-29.37,0.4,G. calida,6
V29-174,36.3,-29.37,0.4,G. bulloides,50
V29-174,36.3,-29.37,0.4,G. falconensis,57
V29-174,36.3,-29.37,0.4,B. digitata,0
V29-174,36.3,-29.37,0.4,G. rubescens,0
V29-174,36.3,-29.37,0.4,T. humilis,4
V29-174,36.3,-29.37,0.4,T. quinqueloba,0
V29-174,36.3,-29.37,0.4,N. pachyderma,8
V29-174,36.3,-29.37,0.4,N. incompta,0
V29-174,36.3,-29.37,0.4,N. dutertrei,0
V29-174,36.3,-29.37,0.4,G. conglomerata,0
V29-174,36.3,-29.37,0.4,G. hexagonus,0
V29-174,36.3,-29.37,0.4,P. obliquiloculata,75
V29-174,36.3,-29.37,0.4,G. inflata,0
V29-174,36.3,-29.37,0.4,G. crassaformis,50
V29-174,36.3,-29.37,0.4,G. hirsuta,0
V29-174,36.3,-29.37,0.4,G. scitula,0
V29-174,36.3,-29.37,0.4,D. anfracta,0
V29-174,36.3,-29.37,0.4,G. cultrata,0
V29-174,36.3,-29.37,0.4,G. tumida,0
V29-174,36.3,-29.37,0.4,C. nitida,0
V29-174,36.3,-29.37,0.4,G. glutinata,0
V29-174,36.3,-29.37,0.4,T. iota,0
V29-174,36.3,-29.37,0.4,G. uvula,0
V29-174,36.3,-29.37,0.4,B. pumilio,0
V29-174,36.3,-29.37,0.4,H. pelagica,3
V29-174,36.3,-29.37,0.4,H. digitata,0
V29-174,36.3,-29.37,0.4,G. truncatulinoides,4
V29-219,68.3833,-5.45,0.5,O. universa,0
V29-219,68.3833,-5.45,0.5,G. conglobatus,0
V29-219,68.3833,-5.45,0.5,G. ruber ruber,0
V29-219,68.3833,-5.45,0.5,G. ruber albus,0
V29-219,68.3833,-5.45,0.5,G. tenellus,0
V29-219,68.3833,-5.45,0.5,T. sacculifer,0
V29-219,68.3833,-5.45,0.5,S. dehiscens,0
V29-219,68.3833,-5.45,0.5,G. adamsi,0
V29-219,68.3833,-5.45,0.5,G. siphonifera,0
V29-219,68.3833,-5.45,0.5,G. calida,0
V29-219,68.3833,-5.45,0.5,G. bulloides,0
V29-219,68.3833,-5.45,0.5,G. falconensis,0
V29-219,68.3833,-5.45,0.5,B. digitata,0
V29-219,68.3833,-5.45,0.5,G. rubescens,0
V29-219,68.3833,-5.45,0.5,T. humilis,0
V29-219,68.3833,-5.45,0.5,T. quinqueloba,0
V29-219,68.3833,-5.45,0.5,N. pachyderma,325
V29-219,68.3833,-5.45,0.5,N. incompta,1
V29-219,68.3833,-5.45,0.5,N. dutertrei,0
V29-219,68.3833,-5.45,0.5,G. conglomerata,0
V29-219,68.3833,-5.45,0.5,G. hexagonus,0
V29-219,68.3833,-5.45,0.5,P. obliquiloculata,0
V29-219,68.3833,-5.45,0.5,G. inflata,0
V29-219,68.3833,-5.45,0.5,G. crassaformis,0
V29-219,68.3833,-5.45,0.5,G. hirsuta,0
V29-219,68.3833,-5.45,0.5,G. scitula,0
V29-219,68.3833,-5.45,0.5,D. anfracta,0
V29-219,68.3833,-5.45,0.5,G. cultrata,0
V29-219,68.3833,-5.45,0.5,G. tumida,0
V29-219,68.3833,-5.45,0.5,C. nitida,0
V29-219,68.3833,-5.45,0.5,G. glutinata,0
V29-219,68.3833,-5.45,0.5,T. iota,0
V29-219,68.3833,-5.45,0.5,G. uvula,0
V29-219,68.3833,-5.45,0.5,B. pumilio,0
V29-219,68.3833,-5.45,0.5,H. pelagica,0
V29-219,68.3833,-5.45,0.5,H. digitata,0
V29-219,68.3833,-5.45,0.5,G. truncatulinoides,0
RC11-121,-39.72,82.25,0.8,O. universa,4
RC11-121,-39.72,82.25,0.8,G. conglobatus,0
RC11-121,-39.72,82.25,0.8,G. ruber ruber,0
RC11-121,-39.72,82.25,0.8,G. ruber albus,0
RC11-121,-39.72,82.25,0.8,G. tenellus,0
RC11-121,-39.72,82.25,0.8,T. sacculifer,0
RC11-121,-39.72,82.25,0.8,S. dehiscens,0
RC11-121,-39.72,82.25,0.8,G. adamsi,0
RC11-121,-39.72,82.25,0.8,G. siphonifera,0
RC11-121,-39.72,82.25,0.8,G. calida,0
RC11-121,-39.72,82.25,0.8,G. bulloides,89
RC11-121,-39.72,82.25,0.8,G. falconensis,18
RC11-121,-39.72,82.25,0.8,B. digitata,0
RC11-121,-39.72,82.25,0.8,G. rubescens,0
RC11-121,-39.72,82.25,0.8,T. humilis,0
RC11-121,-39.72,82.25,0.8,T. quinqueloba,16
RC11-121,-39.72,82.25,0.8,N. pachyderma,29
RC11-121,-39.72,82.25,0.8,N. incompta,32
RC11-121,-39.72,82.25,0.8,N. dutertrei,0
RC11-121,-39.72,82.25,0.8,G. conglomerata,0
RC11-121,-39.72,82.25,0.8,G. hexagonus,0
RC11-121,-39.72,82.25,0.8,P. obliquiloculata,0
RC11-121,-39.72,82.25,0.8,G. inflata,38
RC11-121,-39.72,82.25,0.8,G. crassaformis,0
RC11-121,-39.72,82.25,0.8,G. hirsuta,1
RC11-121,-39.72,82.25,0.8,G. scitula,3
RC11-121,-39.72,82.25,0.8,D. anfracta,0
RC11-121,-39.72,82.25,0.8,G. cultrata,0
RC11-121,-39.72,82.25,0.8,G. tumida,0
RC11-121,-39.72,82.25,0.8,C. nitida,0
RC11-121,-39.72,82.25,0.8,G. glutinata,13
RC11-121,-39.72,82.25,0.8,T. iota,0
RC11-121,-39.72,82.25,0.8,G. uvula,0
RC11-121,-39.72,82.25,0.8,B. pumilio,0
RC11-121,-39.72,82.25,0.8,H. pelagica,0
RC11-121,-39.72,82.25,0.8,H. digitata,0
RC11-121,-39.72,82.25,0.8,G. truncatulinoides,16
RC13-151,15.857,-74.79,0.6,O. universa,2
RC13-151,15.857,-74.79,0.6,G. conglobatus,7
RC13-151,15.857,-74.79,0.6,G. ruber ruber,25
RC13-151,15.857,-74.79,0.6,G. ruber albus,147
RC13-151,15.857,-74.79,0.6,G. tenellus,3
RC13-151,15.857,-74.79,0.6,T. sacculifer,25
RC13-151,15.857,-74.79,0.6,S. dehiscens,0
RC13-151,15.857,-74.79,0.6,G. adamsi,0
RC13-151,15.857,-74.79,0.6,G. siphonifera,11
RC13-151,15.857,-74.79,0.6,G. calida,0
RC13-151,15.857,-74.79,0.6,G. bulloides,6
RC13-151,15.857,-74.79,0.6,G. falconensis,2
RC13-151,15.857,-74.79,0.6,B. digitata,0
RC13-151,15.857,-74.79,0.6,G. rubescens,5
RC13-151,15.857,-74.79,0.6,T. humilis,0
RC13-151,15.857,-74.79,0.6,T. quinqueloba,0
RC13-151,15.857,-74.79,0.6,N. pachyderma,0
RC13-151,15.857,-74.79,0.6,N. incompta,0
RC13-151,15.857,-74.79,0.6,N. dutertrei,32
RC13-151,15.857,-74.79,0.6,G. conglomerata,0
RC13-151,15.857,-74.79,0.6,G. hexagonus,0
RC13-151,15.857,-74.79,0.6,P. obliquiloculata,1
RC13-151,15.857,-74.79,0.6,G. inflata,17
RC13-151,15.857,-74.79,0.6,G. crassaformis,5
RC13-151,15.857,-74.79,0.6,G. hirsuta,1
RC13-151,15.857,-74.79,0.6,G. scitula,0
RC13-151,15.857,-74.79,0.6,D. anfracta,0
RC13-151,15.857,-74.79,0.6,G. cultrata,1
RC13-151,15.857,-74.79,0.6,G. tumida,1
RC13-151,15.857,-74.79,0.6,C. nitida,1
RC13-151,15.857,-74.79,0.6,G. glutinata,37
RC13-151,15.857,-74.79,0.6,T. iota,0
RC13-151,15.857,-74.79,0.6,G. uvula,0
RC13-151,15.857,-74.79,0.6,B. pumilio,0
RC13-151,15.857,-74.79,0.6,H. pelagica,0
RC13-151,15.857,-74.79,0.6,H. digitata,0
RC13-151,15.857,-74.79,0.6,G. truncatulinoides,13
RC13-152,16.708,-75.44,0.6,O. universa,6
RC13-152,16.708,-75.44,0.6,G. conglobatus,9
RC13-152,16.708,-75.44,0.6,G. ruber ruber,20
RC13-152,16.708,-75.44,0.6,G. ruber albus,174
RC13-152,16.708,-75.44,0.6,G. tenellus,3
RC13-152,16.708,-75.44,0.6,T. sacculifer,15
RC13-152,16.708,-75.44,0.6,S. dehiscens,0
RC13-152,16.708,-75.44,0.6,G. adamsi,0
RC13-152,16.708,-75.44,0.6,G. siphonifera,11
RC13-152,16.708,-75.44,0.6,G. calida,0
RC13-152,16.708,-75.44,0.6,G. bulloides,3
RC13-152,16.708,-75.44,0.6,G. falconensis,0
RC13-152,16.708,-75.44,0.6,B. digitata,0
RC13-152,16.708,-75.44,0.6,G. rubescens,3
RC13-152,16.708,-75.44,0.6,T. humilis,0
RC13-152,16.708,-75.44,0.6,T. quinqueloba,0
RC13-152,16.708,-75.44,0.6,N. pachyderma,0
RC13-152,16.708,-75.44,0.6,N. incompta,0
RC13-152,16.708,-75.44,0.6,N. dutertrei,8
RC13-152,16.708,-75.44,0.6,G. conglomerata,0
RC13-152,16.708,-75.44,0.6,G. hexagonus,0
RC13-152,16.708,-75.44,0.6,P. obliquiloculata,0
RC13-152,16.708,-75.44,0.6,G. inflata,9
RC13-152,16.708,-75.44,0.6,G. crassaformis,2
RC13-152,16.708,-75.44,0.6,G. hirsuta,0
RC13-152,16.708,-75.44,0.6,G. scitula,0
RC13-152,16.708,-75.44,0.6,D. anfracta,0
RC13-152,16.708,-75.44,0.6,G. cultrata,1
RC13-152,16.708,-75.44,0.6,G. tumida,0
RC13-152,16.708,-75.44,0.6,C. nitida,0
RC13-152,16.708,-75.44,0.6,G. glutinata,28
RC13-152,16.708,-75.44,0.6,T. iota,0
RC13-152,16.708,-75.44,0.6,G. uvula,0
RC13-152,16.708,-75.44,0.6,B. pumilio,0
RC13-152,16.708,-75.44,0.6,H. pelagica,0
RC13-152,16.708,-75.44,0.6,H. digitata,0
RC13-152,16.708,-75.44,0.6,G. truncatulinoides,6
RC13-153,15.065,-75.95,0.6,O. universa,3
RC13-153,15.065,-75.95,0.6,G. conglobatus,7
RC13-153,15.065,-75.95,0.6,G. ruber ruber,23
RC13-153,15.065,-75.95,0.6,G. ruber albus,101
RC13-153,15.065,-75.95,0.6,G. tenellus,6
RC13-153,15.065,-75.95,0.6,T. sacculifer,33
RC13-153,15.065,-75.95,0.6,S. dehiscens,0
RC13-153,15.065,-75.95,0.6,G. adamsi,0
RC13-153,15.065,-75.95,0.6,G. siphonifera,28
RC13-153,15.065,-75.95,0.6,G. calida,0
RC13-153,15.065,-75.95,0.6,G. bulloides,5
RC13-153,15.065,-75.95,0.6,G. falconensis,2
RC13-153,15.065,-75.95,0.6,B. digitata,1
RC13-153,15.065,-75.95,0.6,G. rubescens,6
RC13-153,15.065,-75.95,0.6,T. humilis,0
RC13-153,15.065,-75.95,0.6,T. quinqueloba,0
RC13-153,15.065,-75.95,0.6,N. pachyderma,0
RC13-153,15.065,-75.95,0.6,N. incompta,2
RC13-153,15.065,-75.95,0.6,N. dutertrei,13
RC13-153,15.065,-75.95,0.6,G. conglomerata,0
RC13-153,15.065,-75.95,0.6,G. hexagonus,0
RC13-153,15.065,-75.95,0.6,P. obliquiloculata,0
RC13-153,15.065,-75.95,0.6,G. inflata,15
RC13-153,15.065,-75.95,0.6,G. crassaformis,2
RC13-153,15.065,-75.95,0.6,G. hirsuta,0
RC13-153,15.065,-75.95,0.6,G. scitula,3
RC13-153,15.065,-75.95,0.6,D. anfracta,0
RC13-153,15.065,-75.95,0.6,G. cultrata,0
RC13-153,15.065,-75.95,0.6,G. tumida,0
RC13-153,15.065,-75.95,0.6,C. nitida,0
RC13-153,15.065,-75.95,0.6,G. glutinata,46
RC13-153,15.065,-75.95,0.6,T. iota,0
RC13-153,15.065,-75.95,0.6,G. uvula,0
RC13-153,15.065,-75.95,0.6,B. pumilio,0
RC13-153,15.065,-75.95,0.6,H. pelagica,0
RC13-153,15.065,-75.95,0.6,H. digitata,0
RC13-153,15.065,-75.95,0.6,G. truncatulinoides,10
RC17-113,15.033,66.097,0.3,O. universa,4
RC17-113,15.033,66.097,0.3,G. conglobatus,1
RC17-113,15.033,66.097,0.3,G. ruber ruber,0
RC17-113,15.033,66.097,0.3,G. ruber albus,0
RC17-113,15.033,66.097,0.3,G. tenellus,1
RC17-113,15.033,66.097,0.3,T. sacculifer,21
RC17-113,15.033,66.097,0.3,S. dehiscens,0
RC17-113,15.033,66.097,0.3,G. adamsi,0
RC17-113,15.033,66.097,0.3,G. siphonifera,2
RC17-113,15.033,66.097,0.3,G. calida,6
RC17-113,15.033,66.097,0.3,G. bulloides,14
RC17-113,15.033,66.097,0.3,G. falconensis,10
RC17-113,15.033,66.097,0.3,B. digitata,3
RC17-113,15.033,66.097,0.3,G. rubescens,2
RC17-113,15.033,66.097,0.3,T. humilis,0
RC17-113,15.033,66.097,0.3,T. quinqueloba,0
RC17-113,15.033,66.097,0.3,N. pachyderma,0
RC17-113,15.033,66.097,0.3,N. incompta,0
RC17-113,15.033,66.097,0.3,N. dutertrei,28
RC17-113,15.033,66.097,0.3,G. conglomerata,0
RC17-113,15.033,66.097,0.3,G. hexagonus,5
RC17-113,15.033,66.097,0.3,P. obliquiloculata,46
RC17-113,15.033,66.097,0.3,G. inflata,0
RC17-113,15.033,66.097,0.3,G. crassaformis,0
RC17-113,15.033,66.097,0.3,G. hirsuta,0
RC17-113,15.033,66.097,0.3,G. scitula,1
RC17-113,15.033,66.097,0.3,D. anfracta,0
RC17-113,15.033,66.097,0.3,G. cultrata,35
RC17-113,15.033,66.097,0.3,G. tumida,7
RC17-113,15.033,66.097,0.3,C. nitida,0
RC17-113,15.033,66.097,0.3,G. glutinata,46
RC17-113,15.033,66.097,0.3,T. iota,0
RC17-113,15.033,66.097,0.3,G. uvula,0
RC17-113,15.033,66.097,0.3,B. pumilio,0
RC17-113,15.033,66.097,0.3,H. pelagica,0
RC17-113,15.033,66.097,0.3,H. digitata,0
RC17-113,15.033,66.097,0.3,G. truncatulinoides,0
RC17-69,-31.5,32.607,0.5,O. universa,6
RC17-69,-31.5,32.607,0.5,G. conglobatus,0
RC17-69,-31.5,32.607,0.5,G. ruber ruber,0
RC17-69,-31.5,32.607,0.5,G. ruber albus,0
RC17-69,-31.5,32.607,0.5,G. tenellus,3
RC17-69,-31.5,32.607,0.5,T. sacculifer,17
RC17-69,-31.5,32.607,0.5,S. dehiscens,0
RC17-69,-31.5,32.607,0.5,G. adamsi,0
RC17-69,-31.5,32.607,0.5,G. siphonifera,9
RC17-69,-31.5,32.607,0.5,G. calida,14
RC17-69,-31.5,32.607,0.5,G. bulloides,20
RC17-69,-31.5,32.607,0.5,G. falconensis,3
RC17-69,-31.5,32.607,0.5,B. digitata,3
RC17-69,-31.5,32.607,0.5,G. rubescens,3
RC17-69,-31.5,32.607,0.5,T. humilis,0
RC17-69,-31.5,32.607,0.5,T. quinqueloba,0
RC17-69,-31.5,32.607,0.5,N. pachyderma,0
RC17-69,-31.5,32.607,0.5,N. incompta,9
RC17-69,-31.5,32.607,0.5,N. dutertrei,9
RC17-69,-31.5,32.607,0.5,G. conglomerata,0
RC17-69,-31.5,32.607,0.5,G. hexagonus,0
RC17-69,-31.5,32.607,0.5,P. obliquiloculata,3
RC17-69,-31.5,32.607,0.5,G. inflata,104
RC17-69,-31.5,32.607,0.5,G. crassaformis,0
RC17-69,-31.5,32.607,0.5,G. hirsuta,3
RC17-69,-31.5,32.607,0.5,G. scitula,6
RC17-69,-31.5,32.607,0.5,D. anfracta,0
RC17-69,-31.5,32.607,0.5,G. cultrata,3
RC17-69,-31.5,32.607,0.5,G. tumida,0
RC17-69,-31.5,32.607,0.5,C. nitida,0
RC17-69,-31.5,32.607,0.5,G. glutinata,26
RC17-69,-31.5,32.607,0.5,T. iota,0
RC17-69,-31.5,32.607,0.5,G. uvula,0
RC17-69,-31.5,32.607,0.5,B. pumilio,0
RC17-69,-31.5,32.607,0.5,H. pelagica,0
RC17-69,-31.5,32.607,0.5,H. digitata,0
RC17-69,-31.5,32.607,0.5,G. truncatulinoides,6
RC17-73,-32.11,36.01,0.2,O. universa,5
RC17-73,-32.11,36.01,0.2,G. conglobatus,2
RC17-73,-32.11,36.01,0.2,G. ruber ruber,0
RC17-73,-32.11,36.01,0.2,G. ruber albus,0
RC17-73,-32.11,36.01,0.2,G. tenellus,2
RC17-73,-32.11,36.01,0.2,T. sacculifer,10
RC17-73,-32.11,36.01,0.2,S. dehiscens,0
RC17-73,-32.11,36.01,0.2,G. adamsi,0
RC17-73,-32.11,36.01,0.2,G. siphonifera,9
RC17-73,-32.11,36.01,0.2,G. calida,15
RC17-73,-32.11,36.01,0.2,G. bulloides,41
RC17-73,-32.11,36.01,0.2,G. falconensis,2
RC17-73,-32.11,36.01,0.2,B. digitata,0
RC17-73,-32.11,36.01,0.2,G. rubescens,2
RC17-73,-32.11,36.01,0.2,T. humilis,0
RC17-73,-32.11,36.01,0.2,T. quinqueloba,1
RC17-73,-32.11,36.01,0.2,N. pachyderma,1
RC17-73,-32.11,36.01,0.2,N. incompta,13
RC17-73,-32.11,36.01,0.2,N. dutertrei,3
RC17-73,-32.11,36.01,0.2,G. conglomerata,0
RC17-73,-32.11,36.01,0.2,G. hexagonus,0
RC17-73,-32.11,36.01,0.2,P. obliquiloculata,0
RC17-73,-32.11,36.01,0.2,G. inflata,89
RC17-73,-32.11,36.01,0.2,G. crassaformis,0
RC17-73,-32.11,36.01,0.2,G. hirsuta,5
RC17-73,-32.11,36.01,0.2,G. scitula,13
RC17-73,-32.11,36.01,0.2,D. anfracta,0
RC17-73,-32.11,36.01,0.2,G. cultrata,1
RC17-73,-32.11,36.01,0.2,G. tumida,0
RC17-73,-32.11,36.01,0.2,C. nitida,0
RC17-73,-32.11,36.01,0.2,G. glutinata,30
RC17-73,-32.11,36.01,0.2,T. iota,0
RC17-73,-32.11,36.01,0.2,G. uvula,0
RC17-73,-32.11,36.01,0.2,B. pumilio,0
RC17-73,-32.11,36.01,0.2,H. pelagica,0
RC17-73,-32.11,36.01,0.2,H. digitata,0
RC17-73,-32.11,36.01,0.2,G. truncatulinoides,2
RC17-98,-13.22,65.617,0.53,O. universa,5
RC17-98,-13.22,65.617,0.53,G. conglobatus,7
RC17-98,-13.22,65.617,0.53,G. ruber ruber,0
RC17-98,-13.22,65.617,0.53,G. ruber albus,0
RC17-98,-13.22,65.617,0.53,G. tenellus,3
RC17-98,-13.22,65.617,0.53,T. sacculifer,22
RC17-98,-13.22,65.617,0.53,S. dehiscens,0
RC17-98,-13.22,65.617,0.53,G. adamsi,0
RC17-98,-13.22,65.617,0.53,G. siphonifera,11
RC17-98,-13.22,65.617,0.53,G. calida,7
RC17-98,-13.22,65.617,0.53,G. bulloides,10
RC17-98,-13.22,65.617,0.53,G. falconensis,3
RC17-98,-13.22,65.617,0.53,B. digitata,0
RC17-98,-13.22,65.617,0.53,G. rubescens,7
RC17-98,-13.22,65.617,0.53,T. humilis,0
RC17-98,-13.22,65.617,0.53,T. quinqueloba,0
RC17-98,-13.22,65.617,0.53,N. pachyderma,0
RC17-98,-13.22,65.617,0.53,N. incompta,2
RC17-98,-13.22,65.617,0.53,N. dutertrei,29
RC17-98,-13.22,65.617,0.53,G. conglomerata,1
RC17-98,-13.22,65.617,0.53,G. hexagonus,1
RC17-98,-13.22,65.617,0.53,P. obliquiloculata,5
RC17-98,-13.22,65.617,0.53,G. inflata,0
RC17-98,-13.22,65.617,0.53,G. crassaformis,0
RC17-98,-13.22,65.617,0.53,G. hirsuta,2
RC17-98,-13.22,65.617,0.53,G. scitula,4
RC17-98,-13.22,65.617,0.53,D. anfracta,0
RC17-98,-13.22,65.617,0.53,G. cultrata,12
RC17-98,-13.22,65.617,0.53,G. tumida,21
RC17-98,-13.22,65.617,0.53,C. nitida,0
RC17-98,-13.22,65.617,0.53,G. glutinata,68
RC17-98,-13.22,65.617,0.53,T. iota,0
RC17-98,-13.22,65.617,0.53,G. uvula,0
RC17-98,-13.22,65.617,0.53,B. pumilio,0
RC17-98,-13.22,65.617,0.53,H. pelagica,0
RC17-98,-13.22,65.617,0.53,H. digitata,0
RC17-98,-13.22,65.617,0.53,G. truncatulinoides,1
V14-101,8.65,58.567,0.7,O. universa,1
V14-101,8.65,58.567,0.7,G. conglobatus,0
V14-101,8.65,58.567,0.7,G. ruber ruber,0
V14-101,8.65,58.567,0.7,G. ruber albus,0
V14-101,8.65,58.567,0.7,G. tenellus,4
V14-101,8.65,58.567,0.7,T. sacculifer,7
V14-101,8.65,58.567,0.7,S. dehiscens,0
V14-101,8.65,58.567,0.7,G. adamsi,0
V14-101,8.65,58.567,0.7,G. siphonifera,6
V14-101,8.65,58.567,0.7,G. calida,0
V14-101,8.65,58.567,0.7,G. bulloides,28
V14-101,8.65,58.567,0.7,G. falconensis,7
V14-101,8.65,58.567,0.7,B. digitata,0
V14-101,8.65,58.567,0.7,G. rubescens,3
V14-101,8.65,58.567,0.7,T. humilis,0
V14-101,8.65,58.567,0.7,T. quinqueloba,0
V14-101,8.65,58.567,0.7,N. pachyderma,0
V14-101,8.65,58.567,0.7,N. incompta,9
V14-101,8.65,58.567,0.7,N. dutertrei,19
V14-101,8.65,58.567,0.7,G. conglomerata,0
V14-101,8.65,58.567,0.7,G. hexagonus,3
V14-101,8.65,58.567,0.7,P. obliquiloculata,14
V14-101,8.65,58.567,0.7,G. inflata,0
V14-101,8.65,58.567,0.7,G. crassaformis,8
V14-101,8.65,58.567,0.7,G. hirsuta,0
V14-101,8.65,58.567,0.7,G. scitula,1
V14-101,8.65,58.567,0.7,D. anfracta,0
V14-101,8.65,58.567,0.7,G. cultrata,12
V14-101,8.65,58.567,0.7,G. tumida,7
V14-101,8.65,58.567,0.7,C. nitida,0
V14-101,8.65,58.567,0.7,G. glutinata,103
V14-101,8.65,58.567,0.7,T. iota,0
V14-101,8.65,58.567,0.7,G. uvula,0
V14-101,8.65,58.567,0.7,B. pumilio,0
V14-101,8.65,58.567,0.7,H. pelagica,0
V14-101,8.65,58.567,0.7,H. digitata,0
V14-101,8.65,58.567,0.7,G. truncatulinoides,0
V14-102,10.25,57.183,0.4,O. universa,1
V14-102,10.25,57.183,0.4,G. conglobatus,2
V14-102,10.25,57.183,0.4,G. ruber ruber,0
V14-102,10.25,57.183,0.4,G. ruber albus,0
V14-102,10.25,57.183,0.4,G. tenellus,2
V14-102,10.25,57.183,0.4,T. sacculifer,6
V14-102,10.25,57.183,0.4,S. dehiscens,0
V14-102,10.25,57.183,0.4,G. adamsi,0
V14-102,10.25,57.183,0.4,G. siphonifera,9
V14-102,10.25,57.183,0.4,G. calida,0
V14-102,10.25,57.183,0.4,G. bulloides,28
V14-102,10.25,57.183,0.4,G. falconensis,6
V14-102,10.25,57.183,0.4,B. digitata,2
V14-102,10.25,57.183,0.4,G. rubescens,4
V14-102,10.25,57.183,0.4,T. humilis,0
V14-102,10.25,57.183,0.4,T. quinqueloba,0
V14-102,10.25,57.183,0.4,N. pachyderma,1
V14-102,10.25,57.183,0.4,N. incompta,7
V14-102,10.25,57.183,0.4,N. dutertrei,62
V14-102,10.25,57.183,0.4,G. conglomerata,0
V14-102,10.25,57.183,0.4,G. hexagonus,7
V14-102,10.25,57.183,0.4,P. obliquiloculata,27
V14-102,10.25,57.183,0.4,G. inflata,1
V14-102,10.25,57.183,0.4,G. crassaformis,5
V14-102,10.25,57.183,0.4,G. hirsuta,0
V14-102,10.25,57.183,0.4,G. scitula,6
V14-102,10.25,57.183,0.4,D. anfracta,0
V14-102,10.25,57.183,0.4,G. cultrata,9
V14-102,10.25,57.183,0.4,G. tumida,9
V14-102,10.25,57.183,0.4,C. nitida,0
V14-102,10.25,57.183,0.4,G. glutinata,50
V14-102,10.25,57.183,0.4,T. iota,0
V14-102,10.25,57.183,0.4,G. uvula,0
V14-102,10.25,57.183,0.4,B. pumilio,0
V14-102,10.25,57.183,0.4,H. pelagica,0
V14-102,10.25,57.183,0.4,H. digitata,0
V14-102,10.25,57.183,0.4,G. truncatulinoides,0
V14-77,-29.63,32.867,0.29,O. universa,6
V14-77,-29.63,32.867,0.29,G. conglobatus,1
V14-77,-29.63,32.867,0.29,G. ruber ruber,0
V14-77,-29.63,32.867,0.29,G. ruber albus,0
V14-77,-29.63,32.867,0.29,G. tenellus,3
V14-77,-29.63,32.867,0.29,T. sacculifer,14
V14-77,-29.63,32.867,0.29,S. dehiscens,0
V14-77,-29.63,32.867,0.29,G. adamsi,0
V14-77,-29.63,32.867,0.29,G. siphonifera,11
V14-77,-29.63,32.867,0.29,G. calida,18
V14-77,-29.63,32.867,0.29,G. bulloides,8
V14-77,-29.63,32.867,0.29,G. falconensis,1
V14-77,-29.63,32.867,0.29,B. digitata,1
V14-77,-29.63,32.867,0.29,G. rubescens,6
V14-77,-29.63,32.867,0.29,T. humilis,0
V14-77,-29.63,32.867,0.29,T. quinqueloba,0
V14-77,-29.63,32.867,0.29,N. pachyderma,0
V14-77,-29.63,32.867,0.29,N. incompta,7
V14-77,-29.63,32.867,0.29,N. dutertrei,19
V14-77,-29.63,32.867,0.29,G. conglomerata,0
V14-77,-29.63,32.867,0.29,G. hexagonus,0
V14-77,-29.63,32.867,0.29,P. obliquiloculata,6
V14-77,-29.63,32.867,0.29,G. inflata,83
V14-77,-29.63,32.867,0.29,G. crassaformis,1
V14-77,-29.63,32.867,0.29,G. hirsuta,1
V14-77,-29.63,32.867,0.29,G. scitula,9
V14-77,-29.63,32.867,0.29,D. anfracta,0
V14-77,-29.63,32.867,0.29,G. cultrata,11
V14-77,-29.63,32.867,0.29,G. tumida,0
V14-77,-29.63,32.867,0.29,C. nitida,0
V14-77,-29.63,32.867,0.29,G. glutinata,34
V14-77,-29.63,32.867,0.29,T. iota,0
V14-77,-29.63,32.867,0.29,G. uvula,0
V14-77,-29.63,32.867,0.29,B. pumilio,0
V14-77,-29.63,32.867,0.29,H. pelagica,0
V14-77,-29.63,32.867,0.29,H. digitata,0
V14-77,-29.63,32.867,0.29,G. truncatulinoides,1
V14-81,-28.43,43.783,0.35,O. universa,4
V14-81,-28.43,43.783,0.35,G. conglobatus,0
V14-81,-28.43,43.783,0.35,G. ruber ruber,0
V14-81,-28.43,43.783,0.35,G. ruber albus,0
V14-81,-28.43,43.783,0.35,G. tenellus,10
V14-81,-28.43,43.783,0.35,T. sacculifer,12
V14-81,-28.43,43.783,0.35,S. dehiscens,0
V14-81,-28.43,43.783,0.35,G. adamsi,0
V14-81,-28.43,43.783,0.35,G. siphonifera,4
V14-81,-28.43,43.783,0.35,G. calida,13
V14-81,-28.43,43.783,0.35,G. bulloides,23
V14-81,-28.43,43.783,0.35,G. falconensis,3
V14-81,-28.43,43.783,0.35,B. digitata,1
V14-81,-28.43,43.783,0.35,G. rubescens,15
V14-81,-28.43,43.783,0.35,T. humilis,1
V14-81,-28.43,43.783,0.35,T. quinqueloba,4
V14-81,-28.43,43.783,0.35,N. pachyderma,0
V14-81,-28.43,43.783,0.35,N. incompta,9
V14-81,-28.43,43.783,0.35,N. dutertrei,5
V14-81,-28.43,43.783,0.35,G. conglomerata,0
V14-81,-28.43,43.783,0.35,G. hexagonus,0
V14-81,-28.43,43.783,0.35,P. obliquiloculata,0
V14-81,-28.43,43.783,0.35,G. inflata,42
V14-81,-28.43,43.783,0.35,G. crassaformis,0
V14-81,-28.43,43.783,0.35,G. hirsuta,2
V14-81,-28.43,43.783,0.35,G. scitula,9
V14-81,-28.43,43.783,0.35,D. anfracta,0
V14-81,-28.43,43.783,0.35,G. cultrata,3
V14-81,-28.43,43.783,0.35,G. tumida,0
V14-81,-28.43,43.783,0.35,C. nitida,0
V14-81,-28.43,43.783,0.35,G. glutinata,65
V14-81,-28.43,43.783,0.35,T. iota,0
V14-81,-28.43,43.783,0.35,G. uvula,0
V14-81,-28.43,43.783,0.35,B. pumilio,0
V14-81,-28.43,43.783,0.35,H. pelagica,0
V14-81,-28.43,43.783,0.35,H. digitata,0
V14-81,-28.43,43.783,0.35,G. truncatulinoides,8
V19-188,6.867,60.667,0.5,O. universa,3
V19-188,6.867,60.667,0.5,G. conglobatus,1
V19-188,6.867,60.667,0.5,G. ruber ruber,0
V19-188,6.867,60.667,0.5,G. ruber albus,0
V19-188,6.867,60.667,0.5,G. tenellus,4
V19-188,6.867,60.667,0.5,T. sacculifer,6
V19-188,6.867,60.667,0.5,S. dehiscens,0
V19-188,6.867,60.667,0.5,G. adamsi,0
V19-188,6.867,60.667,0.5,G. siphonifera,11
V19-188,6.867,60.667,0.5,G. calida,3
V19-188,6.867,60.667,0.5,G. bulloides,32
V19-188,6.867,60.667,0.5,G. falconensis,3
V19-188,6.867,60.667,0.5,B. digitata,0
V19-188,6.867,60.667,0.5,G. rubescens,9
V19-188,6.867,60.667,0.5,T. humilis,0
V19-188,6.867,60.667,0.5,T. quinqueloba,3
V19-188,6.867,60.667,0.5,N. pachyderma,1
V19-188,6.867,60.667,0.5,N. incompta,12
V19-188,6.867,60.667,0.5,N. dutertrei,23
V19-188,6.867,60.667,0.5,G. conglomerata,3
V19-188,6.867,60.667,0.5,G. hexagonus,9
V19-188,6.867,60.667,0.5,P. obliquiloculata,16
V19-188,6.867,60.667,0.5,G. inflata,0
V19-188,6.867,60.667,0.5,G. crassaformis,7
V19-188,6.867,60.667,0.5,G. hirsuta,2
V19-188,6.867,60.667,0.5,G. scitula,3
V19-188,6.867,60.667,0.5,D. anfracta,0
V19-188,6.867,60.667,0.5,G. cultrata,21
V19-188,6.867,60.667,0.5,G. tumida,5
V19-188,6.867,60.667,0.5,C. nitida,0
V19-188,6.867,60.667,0.5,G. glutinata,41
V19-188,6.867,60.667,0.5,T. iota,0
V19-188,6.867,60.667,0.5,G. uvula,0
V19-188,6.867,60.667,0.5,B. pumilio,0
V19-188,6.867,60.667,0.5,H. pelagica,0
V19-188,6.867,60.667,0.5,H. digitata,0
V19-188,6.867,60.667,0.5,G. truncatulinoides,0
V19-19,13.233,-78.37,0.8,O. universa,4
V19-19,13.233,-78.37,0.8,G. conglobatus,3
V19-19,13.233,-78.37,0.8,G. ruber ruber,37
V19-19,13.233,-78.37,0.8,G. ruber albus,141
V19-19,13.233,-78.37,0.8,G. tenellus,3
V19-19,13.233,-78.37,0.8,T. sacculifer,22
V19-19,13.233,-78.37,0.8,S. dehiscens,0
V19-19,13.233,-78.37,0.8,G. adamsi,0
V19-19,13.233,-78.37,0.8,G. siphonifera,16
V19-19,13.233,-78.37,0.8,G. calida,0
V19-19,13.233,-78.37,0.8,G. bulloides,2
V19-19,13.233,-78.37,0.8,G. falconensis,3
V19-19,13.233,-78.37,0.8,B. digitata,1
V19-19,13.233,-78.37,0.8,G. rubescens,7
V19-19,13.233,-78.37,0.8,T. humilis,0
V19-19,13.233,-78.37,0.8,T. quinqueloba,0
V19-19,13.233,-78.37,0.8,N. pachyderma,0
V19-19,13.233,-78.37,0.8,N. incompta,0
V19-19,13.233,-78.37,0.8,N. dutertrei,9
V19-19,13.233,-78.37,0.8,G. conglomerata,0
V19-19,13.233,-78.37,0.8,G. hexagonus,0
V19-19,13.233,-78.37,0.8,P. obliquiloculata,1
V19-19,13.233,-78.37,0.8,G. inflata,6
V19-19,13.233,-78.37,0.8,G. crassaformis,2
V19-19,13.233,-78.37,0.8,G. hirsuta,1
V19-19,13.233,-78.37,0.8,G. scitula,0
V19-19,13.233,-78.37,0.8,D. anfracta,0
V19-19,13.233,-78.37,0.8,G. cultrata,0
V19-19,13.233,-78.37,0.8,G. tumida,0
V19-19,13.233,-78.37,0.8,C. nitida,0
V19-19,13.233,-78.37,0.8,G. glutinata,21
V19-19,13.233,-78.37,0.8,T. iota,0
V19-19,13.233,-78.37,0.8,G. uvula,2
V19-19,13.233,-78.37,0.8,B. pumilio,0
V19-19,13.233,-78.37,0.8,H. pelagica,0
V19-19,13.233,-78.37,0.8,H. digitata,0
V19-19,13.233,-78.37,0.8,G. truncatulinoides,5
V19-202,-6.983,41.183,0.3,O. universa,7
V19-202,-6.983,41.183,0.3,G. conglobatus,6
V19-202,-6.983,41.183,0.3,G. ruber ruber,0
V19-202,-6.983,41.183,0.3,G. ruber albus,0
V19-202,-6.983,41.183,0.3,G. tenellus,6
V19-202,-6.983,41.183,0.3,T. sacculifer,15
V19-202,-6.983,41.183,0.3,S. dehiscens,1
V19-202,-6.983,41.183,0.3,G. adamsi,0
V19-202,-6.983,41.183,0.3,G. siphonifera,13
V19-202,-6.983,41.183,0.3,G. calida,7
V19-202,-6.983,41.183,0.3,G. bulloides,27
V19-202,-6.983,41.183,0.3,G. falconensis,4
V19-202,-6.983,41.183,0.3,B. digitata,1
V19-202,-6.983,41.183,0.3,G. rubescens,10
V19-202,-6.983,41.183,0.3,T. humilis,2
V19-202,-6.983,41.183,0.3,T. quinqueloba,0
V19-202,-6.983,41.183,0.3,N. pachyderma,0
V19-202,-6.983,41.183,0.3,N. incompta,10
V19-202,-6.983,41.183,0.3,N. dutertrei,24
V19-202,-6.983,41.183,0.3,G. conglomerata,1
V19-202,-6.983,41.183,0.3,G. hexagonus,2
V19-202,-6.983,41.183,0.3,P. obliquiloculata,7
V19-202,-6.983,41.183,0.3,G. inflata,0
V19-202,-6.983,41.183,0.3,G. crassaformis,0
V19-202,-6.983,41.183,0.3,G. hirsuta,0
V19-202,-6.983,41.183,0.3,G. scitula,2
V19-202,-6.983,41.183,0.3,D. anfracta,0
V19-202,-6.983,41.183,0.3,G. cultrata,22
V19-202,-6.983,41.183,0.3,G. tumida,2
V19-202,-6.983,41.183,0.3,C. nitida,0
V19-202,-6.983,41.183,0.3,G. glutinata,66
V19-202,-6.983,41.183,0.3,T. iota,0
V19-202,-6.983,41.183,0.3,G. uvula,0
V19-202,-6.983,41.183,0.3,B. pumilio,0
V19-202,-6.983,41.183,0.3,H. pelagica,0
V19-202,-6.983,41.183,0.3,H. digitata,0
V19-202,-6.983,41.183,0.3,G. truncatulinoides,1
V19-204,-10.23,43.817,0.2,O. universa,2
V19-204,-10.23,43.817,0.2,G. conglobatus,9
V19-204,-10.23,43.817,0.2,G. ruber ruber,0
V19-204,-10.23,43.817,0.2,G. ruber albus,0
V19-204,-10.23,43.817,0.2,G. tenellus,0
V19-204,-10.23,43.817,0.2,T. sacculifer,7
V19-204,-10.23,43.817,0.2,S. dehiscens,0
V19-204,-10.23,43.817,0.2,G. adamsi,0
V19-204,-10.23,43.817,0.2,G. siphonifera,9
V19-204,-10.23,43.817,0.2,G. calida,1
V19-204,-10.23,43.817,0.2,G. bulloides,27
V19-204,-10.23,43.817,0.2,G. falconensis,1
V19-204,-10.23,43.817,0.2,B. digitata,0
V19-204,-10.23,43.817,0.2,G. rubescens,1
V19-204,-10.23,43.817,0.2,T. humilis,0
V19-204,-10.23,43.817,0.2,T. quinqueloba,0
V19-204,-10.23,43.817,0.2,N. pachyderma,0
V19-204,-10.23,43.817,0.2,N. incompta,21
V19-204,-10.23,43.817,0.2,N. dutertrei,25
V19-204,-10.23,43.817,0.2,G. conglomerata,0
V19-204,-10.23,43.817,0.2,G. hexagonus,1
V19-204,-10.23,43.817,0.2,P. obliquiloculata,17
V19-204,-10.23,43.817,0.2,G. inflata,1
V19-204,-10.23,43.817,0.2,G. crassaformis,4
V19-204,-10.23,43.817,0.2,G. hirsuta,0
V19-204,-10.23,43.817,0.2,G. scitula,1
V19-204,-10.23,43.817,0.2,D. anfracta,0
V19-204,-10.23,43.817,0.2,G. cultrata,29
V19-204,-10.23,43.817,0.2,G. tumida,9
V19-204,-10.23,43.817,0.2,C. nitida,0
V19-204,-10.23,43.817,0.2,G. glutinata,29
V19-204,-10.23,43.817,0.2,T. iota,0
V19-204,-10.23,43.817,0.2,G. uvula,0
V19-204,-10.23,43.817,0.2,B. pumilio,0
V19-204,-10.23,43.817,0.2,H. pelagica,0
V19-204,-10.23,43.817,0.2,H. digitata,0
V19-204,-10.23,43.817,0.2,G. truncatulinoides,4
V19-21,11.8,-79.07,0.6,O. universa,6
V19-21,11.8,-79.07,0.6,G. conglobatus,8
V19-21,11.8,-79.07,0.6,G. ruber ruber,16
V19-21,11.8,-79.07,0.6,G. ruber albus,113
V19-21,11.8,-79.07,0.6,G. tenellus,8
V19-21,11.8,-79.07,0.6,T. sacculifer,24
V19-21,11.8,-79.07,0.6,S. dehiscens,0
V19-21,11.8,-79.07,0.6,G. adamsi,0
V19-21,11.8,-79.07,0.6,G. siphonifera,28
V19-21,11.8,-79.07,0.6,G. calida,0
V19-21,11.8,-79.07,0.6,G. bulloides,3
V19-21,11.8,-79.07,0.6,G. falconensis,2
V19-21,11.8,-79.07,0.6,B. digitata,0
V19-21,11.8,-79.07,0.6,G. rubescens,5
V19-21,11.8,-79.07,0.6,T. humilis,0
V19-21,11.8,-79.07,0.6,T. quinqueloba,0
V19-21,11.8,-79.07,0.6,N. pachyderma,0
V19-21,11.8,-79.07,0.6,N. incompta,1
V19-21,11.8,-79.07,0.6,N. dutertrei,15
V19-21,11.8,-79.07,0.6,G. conglomerata,0
V19-21,11.8,-79.07,0.6,G. hexagonus,0
V19-21,11.8,-79.07,0.6,P. obliquiloculata,0
V19-21,11.8,-79.07,0.6,G. inflata,6
V19-21,11.8,-79.07,0.6,G. crassaformis,0
V19-21,11.8,-79.07,0.6,G. hirsuta,0
V19-21,11.8,-79.07,0.6,G. scitula,0
V19-21,11.8,-79.07,0.6,D. anfracta,0
V19-21,11.8,-79.07,0.6,G. cultrata,1
V19-21,11.8,-79.07,0.6,G. tumida,0
V19-21,11.8,-79.07,0.6,C. nitida,0
V19-21,11.8,-79.07,0.6,G. glutinata,32
V19-21,11.8,-79.07,0.6,T. iota,0
V19-21,11.8,-79.07,0.6,G. uvula,0
V19-21,11.8,-79.07,0.6,B. pumilio,0
V19-21,11.8,-79.07,0.6,H. pelagica,0
V19-21,11.8,-79.07,0.6,H. digitata,0
V19-21,11.8,-79.07,0.6,G. truncatulinoides,7
V20-175,-22.3,68,0.2,O. universa,3
V20-175,-22.3,68,0.2,G. conglobatus,3
V20-175,-22.3,68,0.2,G. ruber ruber,0
V20-175,-22.3,68,0.2,G. ruber albus,0
V20-175,-22.3,68,0.2,G. tenellus,8
V20-175,-22.3,68,0.2,T. sacculifer,29
V20-175,-22.3,68,0.2,S. dehiscens,0
V20-175,-22.3,68,0.2,G. adamsi,0
V20-175,-22.3,68,0.2,G. siphonifera,5
V20-175,-22.3,68,0.2,G. calida,16
V20-175,-22.3,68,0.2,G. bulloides,6
V20-175,-22.3,68,0.2,G. falconensis,1
V20-175,-22.3,68,0.2,B. digitata,3
V20-175,-22.3,68,0.2,G. rubescens,9
V20-175,-22.3,68,0.2,T. humilis,1
V20-175,-22.3,68,0.2,T. quinqueloba,0
V20-175,-22.3,68,0.2,N. pachyderma,0
V20-175,-22.3,68,0.2,N. incompta,1
V20-175,-22.3,68,0.2,N. dutertrei,3
V20-175,-22.3,68,0.2,G. conglomerata,0
V20-175,-22.3,68,0.2,G. hexagonus,1
V20-175,-22.3,68,0.2,P. obliquiloculata,0
V20-175,-22.3,68,0.2,G. inflata,4
V20-175,-22.3,68,0.2,G. crassaformis,1
V20-175,-22.3,68,0.2,G. hirsuta,0
V20-175,-22.3,68,0.2,G. scitula,1
V20-175,-22.3,68,0.2,D. anfracta,0
V20-175,-22.3,68,0.2,G. cultrata,4
V20-175,-22.3,68,0.2,G. tumida,1
V20-175,-22.3,68,0.2,C. nitida,1
V20-175,-22.3,68,0.2,G. glutinata,47
V20-175,-22.3,68,0.2,T. iota,0
V20-175,-22.3,68,0.2,G. uvula,0
V20-175,-22.3,68,0.2,B. pumilio,0
V20-175,-22.3,68,0.2,H. pelagica,0
V20-175,-22.3,68,0.2,H. digitata,0
V20-175,-22.3,68,0.2,G. truncatulinoides,16
V28-129,11.117,-80.4,0.8,O. universa,17
V28-129,11.117,-80.4,0.8,G. conglobatus,8
V28-129,11.117,-80.4,0.8,G. ruber ruber,29
V28-129,11.117,-80.4,0.8,G. ruber albus,110
V28-129,11.117,-80.4,0.8,G. tenellus,15
V28-129,11.117,-80.4,0.8,T. sacculifer,23
V28-129,11.117,-80.4,0.8,S. dehiscens,0
V28-129,11.117,-80.4,0.8,G. adamsi,0
V28-129,11.117,-80.4,0.8,G. siphonifera,23
V28-129,11.117,-80.4,0.8,G. calida,0
V28-129,11.117,-80.4,0.8,G. bulloides,1
V28-129,11.117,-80.4,0.8,G. falconensis,1
V28-129,11.117,-80.4,0.8,B. digitata,0
V28-129,11.117,-80.4,0.8,G. rubescens,0
V28-129,11.117,-80.4,0.8,T. humilis,0
V28-129,11.117,-80.4,0.8,T. quinqueloba,0
V28-129,11.117,-80.4,0.8,N. pachyderma,0
V28-129,11.117,-80.4,0.8,N. incompta,1
V28-129,11.117,-80.4,0.8,N. dutertrei,23
V28-129,11.117,-80.4,0.8,G. conglomerata,0
V28-129,11.117,-80.4,0.8,G. hexagonus,0
V28-129,11.117,-80.4,0.8,P. obliquiloculata,0
V28-129,11.117,-80.4,0.8,G. inflata,5
V28-129,11.117,-80.4,0.8,G. crassaformis,2
V28-129,11.117,-80.4,0.8,G. hirsuta,0
V28-129,11.117,-80.4,0.8,G. scitula,0
V28-129,11.117,-80.4,0.8,D. anfracta,0
V28-129,11.117,-80.4,0.8,G. cultrata,0
V28-129,11.117,-80.4,0.8,G. tumida,0
V28-129,11.117,-80.4,0.8,C. nitida,0
V28-129,11.117,-80.4,0.8,G. glutinata,33
V28-129,11.117,-80.4,0.8,T. iota,0
V28-129,11.117,-80.4,0.8,G. uvula,0
V28-129,11.117,-80.4,0.8,B. pumilio,0
V28-129,11.117,-80.4,0.8,H. pelagica,0
V28-129,11.117,-80.4,0.8,H. digitata,0
V28-129,11.117,-80.4,0.8,G. truncatulinoides,16
V19-185,6.7,59.333,0.3,O. universa,1
V19-185,6.7,59.333,0.3,G. conglobatus,1
V19-185,6.7,59.333,0.3,G. ruber ruber,0
V19-185,6.7,59.333,0.3,G. ruber albus,0
V19-185,6.7,59.333,0.3,G. tenellus,2
V19-185,6.7,59.333,0.3,T. sacculifer,6
V19-185,6.7,59.333,0.3,S. dehiscens,0
V19-185,6.7,59.333,0.3,G. adamsi,0
V19-185,6.7,59.333,0.3,G. siphonifera,4
V19-185,6.7,59.333,0.3,G. calida,3
V19-185,6.7,59.333,0.3,G. bulloides,35
V19-185,6.7,59.333,0.3,G. falconensis,8
V19-185,6.7,59.333,0.3,B. digitata,0
V19-185,6.7,59.333,0.3,G. rubescens,6
V19-185,6.7,59.333,0.3,T. humilis,0
V19-185,6.7,59.333,0.3,T. quinqueloba,1
V19-185,6.7,59.333,0.3,N. pachyderma,1
V19-185,6.7,59.333,0.3,N. incompta,4
V19-185,6.7,59.333,0.3,N. dutertrei,11
V19-185,6.7,59.333,0.3,G. conglomerata,4
V19-185,6.7,59.333,0.3,G. hexagonus,7
V19-185,6.7,59.333,0.3,P. obliquiloculata,6
V19-185,6.7,59.333,0.3,G. inflata,0
V19-185,6.7,59.333,0.3,G. crassaformis,2
V19-185,6.7,59.333,0.3,G. hirsuta,1
V19-185,6.7,59.333,0.3,G. scitula,3
V19-185,6.7,59.333,0.3,D. anfracta,0
V19-185,6.7,59.333,0.3,G. cultrata,10
V19-185,6.7,59.333,0.3,G. tumida,1
V19-185,6.7,59.333,0.3,C. nitida,0
V19-185,6.7,59.333,0.3,G. glutinata,94
V19-185,6.7,59.333,0.3,T. iota,0
V19-185,6.7,59.333,0.3,G. uvula,0
V19-185,6.7,59.333,0.3,B. pumilio,0
V19-185,6.7,59.333,0.3,H. pelagica,0
V19-185,6.7,59.333,0.3,H. digitata,0
V19-185,6.7,59.333,0.3,G. truncatulinoides,2
V19-201,-5.333,40.433,0.7,O. universa,2
V19-201,-5.333,40.433,0.7,G. conglobatus,2
V19-201,-5.333,40.433,0.7,G. ruber ruber,0
V19-201,-5.333,40.433,0.7,G. ruber albus,0
V19-201,-5.333,40.433,0.7,G. tenellus,2
V19-201,-5.333,40.433,0.7,T. sacculifer,10
V19-201,-5.333,40.433,0.7,S. dehiscens,0
V19-201,-5.333,40.433,0.7,G. adamsi,0
V19-201,-5.333,40.433,0.7,G. siphonifera,8
V19-201,-5.333,40.433,0.7,G. calida,6
V19-201,-5.333,40.433,0.7,G. bulloides,16
V19-201,-5.333,40.433,0.7,G. falconensis,4
V19-201,-5.333,40.433,0.7,B. digitata,2
V19-201,-5.333,40.433,0.7,G. rubescens,15
V19-201,-5.333,40.433,0.7,T. humilis,2
V19-201,-5.333,40.433,0.7,T. quinqueloba,0
V19-201,-5.333,40.433,0.7,N. pachyderma,0
V19-201,-5.333,40.433,0.7,N. incompta,9
V19-201,-5.333,40.433,0.7,N. dutertrei,36
V19-201,-5.333,40.433,0.7,G. conglomerata,0
V19-201,-5.333,40.433,0.7,G. hexagonus,2
V19-201,-5.333,40.433,0.7,P. obliquiloculata,11
V19-201,-5.333,40.433,0.7,G. inflata,1
V19-201,-5.333,40.433,0.7,G. crassaformis,6
V19-201,-5.333,40.433,0.7,G. hirsuta,0
V19-201,-5.333,40.433,0.7,G. scitula,2
V19-201,-5.333,40.433,0.7,D. anfracta,0
V19-201,-5.333,40.433,0.7,G. cultrata,28
V19-201,-5.333,40.433,0.7,G. tumida,1
V19-201,-5.333,40.433,0.7,C. nitida,1
V19-201,-5.333,40.433,0.7,G. glutinata,53
V19-201,-5.333,40.433,0.7,T. iota,0
V19-201,-5.333,40.433,0.7,G. uvula,0
V19-201,-5.333,40.433,0.7,B. pumilio,0
V19-201,-5.333,40.433,0.7,H. pelagica,0
V19-201,-5.333,40.433,0.7,H. digitata,0
V19-201,-5.333,40.433,0.7,G. truncatulinoides,0
V20-170,-21.8,69.233,0.2,O. universa,5
V20-170,-21.8,69.233,0.2,G. conglobatus,1
V20-170,-21.8,69.233,0.2,G. ruber ruber,0
V20-170,-21.8,69.233,0.2,G. ruber albus,0
V20-170,-21.8,69.233,0.2,G. tenellus,9
V20-170,-21.8,69.233,0.2,T. sacculifer,26
V20-170,-21.8,69.233,0.2,S. dehiscens,0
V20-170,-21.8,69.233,0.2,G. adamsi,0
V20-170,-21.8,69.233,0.2,G. siphonifera,15
V20-170,-21.8,69.233,0.2,G. calida,3
V20-170,-21.8,69.233,0.2,G. bulloides,2
V20-170,-21.8,69.233,0.2,G. falconensis,8
V20-170,-21.8,69.233,0.2,B. digitata,2
V20-170,-21.8,69.233,0.2,G. rubescens,14
V20-170,-21.8,69.233,0.2,T. humilis,2
V20-170,-21.8,69.233,0.2,T. quinqueloba,0
V20-170,-21.8,69.233,0.2,N. pachyderma,1
V20-170,-21.8,69.233,0.2,N. incompta,1
V20-170,-21.8,69.233,0.2,N. dutertrei,3
V20-170,-21.8,69.233,0.2,G. conglomerata,1
V20-170,-21.8,69.233,0.2,G. hexagonus,1
V20-170,-21.8,69.233,0.2,P. obliquiloculata,1
V20-170,-21.8,69.233,0.2,G. inflata,5
V20-170,-21.8,69.233,0.2,G. crassaformis,0
V20-170,-21.8,69.233,0.2,G. hirsuta,0
V20-170,-21.8,69.233,0.2,G. scitula,1
V20-170,-21.8,69.233,0.2,D. anfracta,0
V20-170,-21.8,69.233,0.2,G. cultrata,6
V20-170,-21.8,69.233,0.2,G. tumida,1
V20-170,-21.8,69.233,0.2,C. nitida,1
V20-170,-21.8,69.233,0.2,G. glutinata,44
V20-170,-21.8,69.233,0.2,T. iota,0
V20-170,-21.8,69.233,0.2,G. uvula,0
V20-170,-21.8,69.233,0.2,B. pumilio,0
V20-170,-21.8,69.233,0.2,H. pelagica,0
V20-170,-21.8,69.233,0.2,H. digitata,0
V20-170,-21.8,69.233,0.2,G. truncatulinoides,11
V29-29,5.117,77.583,0.8,O. universa,3
V29-29,5.117,77.583,0.8,G. conglobatus,1
V29-29,5.117,77.583,0.8,G. ruber ruber,0
V29-29,5.117,77.583,0.8,G. ruber albus,0
V29-29,5.117,77.583,0.8,G. tenellus,5
V29-29,5.117,77.583,0.8,T. sacculifer,10
V29-29,5.117,77.583,0.8,S. dehiscens,0
V29-29,5.117,77.583,0.8,G. adamsi,0
V29-29,5.117,77.583,0.8,G. siphonifera,7
V29-29,5.117,77.583,0.8,G. calida,3
V29-29,5.117,77.583,0.8,G. bulloides,47
V29-29,5.117,77.583,0.8,G. falconensis,4
V29-29,5.117,77.583,0.8,B. digitata,0
V29-29,5.117,77.583,0.8,G. rubescens,4
V29-29,5.117,77.583,0.8,T. humilis,0
V29-29,5.117,77.583,0.8,T. quinqueloba,0
V29-29,5.117,77.583,0.8,N. pachyderma,0
V29-29,5.117,77.583,0.8,N. incompta,0
V29-29,5.117,77.583,0.8,N. dutertrei,74
V29-29,5.117,77.583,0.8,G. conglomerata,1
V29-29,5.117,77.583,0.8,G. hexagonus,6
V29-29,5.117,77.583,0.8,P. obliquiloculata,16
V29-29,5.117,77.583,0.8,G. inflata,0
V29-29,5.117,77.583,0.8,G. crassaformis,1
V29-29,5.117,77.583,0.8,G. hirsuta,0
V29-29,5.117,77.583,0.8,G. scitula,2
V29-29,5.117,77.583,0.8,D. anfracta,0
V29-29,5.117,77.583,0.8,G. cultrata,29
V29-29,5.117,77.583,0.8,G. tumida,1
V29-29,5.117,77.583,0.8,C. nitida,0
V29-29,5.117,77.583,0.8,G. glutinata,61
V29-29,5.117,77.583,0.8,T. iota,0
V29-29,5.117,77.583,0.8,G. uvula,0
V29-29,5.117,77.583,0.8,B. pumilio,0
V29-29,5.117,77.583,0.8,H. pelagica,0
V29-29,5.117,77.583,0.8,H. digitata,0
V29-29,5.117,77.583,0.8,G. truncatulinoides,0
V29-30,3.083,76.25,0.8,O. universa,4
V29-30,3.083,76.25,0.8,G. conglobatus,0
V29-30,3.083,76.25,0.8,G. ruber ruber,0
V29-30,3.083,76.25,0.8,G. ruber albus,0
V29-30,3.083,76.25,0.8,G. tenellus,4
V29-30,3.083,76.25,0.8,T. sacculifer,10
V29-30,3.083,76.25,0.8,S. dehiscens,0
V29-30,3.083,76.25,0.8,G. adamsi,1
V29-30,3.083,76.25,0.8,G. siphonifera,6
V29-30,3.083,76.25,0.8,G. calida,5
V29-30,3.083,76.25,0.8,G. bulloides,18
V29-30,3.083,76.25,0.8,G. falconensis,1
V29-30,3.083,76.25,0.8,B. digitata,1
V29-30,3.083,76.25,0.8,G. rubescens,1
V29-30,3.083,76.25,0.8,T. humilis,0
V29-30,3.083,76.25,0.8,T. quinqueloba,0
V29-30,3.083,76.25,0.8,N. pachyderma,0
V29-30,3.083,76.25,0.8,N. incompta,7
V29-30,3.083,76.25,0.8,N. dutertrei,53
V29-30,3.083,76.25,0.8,G. conglomerata,3
V29-30,3.083,76.25,0.8,G. hexagonus,9
V29-30,3.083,76.25,0.8,P. obliquiloculata,40
V29-30,3.083,76.25,0.8,G. inflata,0
V29-30,3.083,76.25,0.8,G. crassaformis,1
V29-30,3.083,76.25,0.8,G. hirsuta,0
V29-30,3.083,76.25,0.8,G. scitula,1
V29-30,3.083,76.25,0.8,D. anfracta,0
V29-30,3.083,76.25,0.8,G. cultrata,61
V29-30,3.083,76.25,0.8,G. tumida,1
V29-30,3.083,76.25,0.8,C. nitida,0
V29-30,3.083,76.25,0.8,G. glutinata,37
V29-30,3.083,76.25,0.8,T. iota,0
V29-30,3.083,76.25,0.8,G. uvula,0
V29-30,3.083,76.25,0.8,B. pumilio,0
V29-30,3.083,76.25,0.8,H. pelagica,0
V29-30,3.083,76.25,0.8,H. digitata,0
V29-30,3.083,76.25,0.8,G. truncatulinoides,0
V29-48,-6.267,63.433,0.3,O. universa,1
V29-48,-6.267,63.433,0.3,G. conglobatus,9
V29-48,-6.267,63.433,0.3,G. ruber ruber,0
V29-48,-6.267,63.433,0.3,G. ruber albus,0
V29-48,-6.267,63.433,0.3,G. tenellus,2
V29-48,-6.267,63.433,0.3,T. sacculifer,22
V29-48,-6.267,63.433,0.3,S. dehiscens,0
V29-48,-6.267,63.433,0.3,G. adamsi,0
V29-48,-6.267,63.433,0.3,G. siphonifera,6
V29-48,-6.267,63.433,0.3,G. calida,4
V29-48,-6.267,63.433,0.3,G. bulloides,12
V29-48,-6.267,63.433,0.3,G. falconensis,0
V29-48,-6.267,63.433,0.3,B. digitata,2
V29-48,-6.267,63.433,0.3,G. rubescens,1
V29-48,-6.267,63.433,0.3,T. humilis,0
V29-48,-6.267,63.433,0.3,T. quinqueloba,0
V29-48,-6.267,63.433,0.3,N. pachyderma,0
V29-48,-6.267,63.433,0.3,N. incompta,9
V29-48,-6.267,63.433,0.3,N. dutertrei,50
V29-48,-6.267,63.433,0.3,G. conglomerata,3
V29-48,-6.267,63.433,0.3,G. hexagonus,7
V29-48,-6.267,63.433,0.3,P. obliquiloculata,14
V29-48,-6.267,63.433,0.3,G. inflata,0
V29-48,-6.267,63.433,0.3,G. crassaformis,7
V29-48,-6.267,63.433,0.3,G. hirsuta,0
V29-48,-6.267,63.433,0.3,G. scitula,4
V29-48,-6.267,63.433,0.3,D. anfracta,0
V29-48,-6.267,63.433,0.3,G. cultrata,56
V29-48,-6.267,63.433,0.3,G. tumida,10
V29-48,-6.267,63.433,0.3,C. nitida,0
V29-48,-6.267,63.433,0.3,G. glutinata,18
V29-48,-6.267,63.433,0.3,T. iota,0
V29-48,-6.267,63.433,0.3,G. uvula,0
V29-48,-6.267,63.433,0.3,B. pumilio,0
V29-48,-6.267,63.433,0.3,H. pelagica,0
V29-48,-6.267,63.433,0.3,H. digitata,0
V29-48,-6.267,63.433,0.3,G. truncatulinoides,2
RC14-35,-0.8333,89.95,0.35,O. universa,0
RC14-35,-0.8333,89.95,0.35,G. conglobatus,3
RC14-35,-0.8333,89.95,0.35,G. ruber ruber,0
RC14-35,-0.8333,89.95,0.35,G. ruber albus,0
RC14-35,-0.8333,89.95,0.35,G. tenellus,0
RC14-35,-0.8333,89.95,0.35,T. sacculifer,14
RC14-35,-0.8333,89.95,0.35,S. dehiscens,4
RC14-35,-0.8333,89.95,0.35,G. adamsi,0
RC14-35,-0.8333,89.95,0.35,G. siphonifera,3
RC14-35,-0.8333,89.95,0.35,G. calida,2
RC14-35,-0.8333,89.95,0.35,G. bulloides,3
RC14-35,-0.8333,89.95,0.35,G. falconensis,1
RC14-35,-0.8333,89.95,0.35,B. digitata,0
RC14-35,-0.8333,89.95,0.35,G. rubescens,0
RC14-35,-0.8333,89.95,0.35,T. humilis,0
RC14-35,-0.8333,89.95,0.35,T. quinqueloba,0
RC14-35,-0.8333,89.95,0.35,N. pachyderma,0
RC14-35,-0.8333,89.95,0.35,N. incompta,0
RC14-35,-0.8333,89.95,0.35,N. dutertrei,31
RC14-35,-0.8333,89.95,0.35,G. conglomerata,31
RC14-35,-0.8333,89.95,0.35,G. hexagonus,1
RC14-35,-0.8333,89.95,0.35,P. obliquiloculata,29
RC14-35,-0.8333,89.95,0.35,G. inflata,0
RC14-35,-0.8333,89.95,0.35,G. crassaformis,8
RC14-35,-0.8333,89.95,0.35,G. hirsuta,0
RC14-35,-0.8333,89.95,0.35,G. scitula,0
RC14-35,-0.8333,89.95,0.35,D. anfracta,0
RC14-35,-0.8333,89.95,0.35,G. cultrata,45
RC14-35,-0.8333,89.95,0.35,G. tumida,4
RC14-35,-0.8333,89.95,0.35,C. nitida,0
RC14-35,-0.8333,89.95,0.35,G. glutinata,31
RC14-35,-0.8333,89.95,0.35,T. iota,0
RC14-35,-0.8333,89.95,0.35,G. uvula,0
RC14-35,-0.8333,89.95,0.35,B. pumilio,0
RC14-35,-0.8333,89.95,0.35,H. pelagica,0
RC14-35,-0.8333,89.95,0.35,H. digitata,0
RC14-35,-0.8333,89.95,0.35,G. truncatulinoides,0
RC14-35,-0.8333,89.95,0.35,O. universa,0
RC14-35,-0.8333,89.95,0.35,G. conglobatus,3
RC14-35,-0.8333,89.95,0.35,G. ruber ruber,0
RC14-35,-0.8333,89.95,0.35,G. ruber albus,0
RC14-35,-0.8333,89.95,0.35,G. tenellus,0
RC14-35,-0.8333,89.95,0.35,T. sacculifer,14
RC14-35,-0.8333,89.95,0.35,S. dehiscens,4
RC14-35,-0.8333,89.95,0.35,G. adamsi,0
RC14-35,-0.8333,89.95,0.35,G. siphonifera,3
RC14-35,-0.8333,89.95,0.35,G. calida,2
RC14-35,-0.8333,89.95,0.35,G. bulloides,3
RC14-35,-0.8333,89.95,0.35,G. falconensis,1
RC14-35,-0.8333,89.95,0.35,B. digitata,0
RC14-35,-0.8333,89.95,0.35,G. rubescens,0
RC14-35,-0.8333,89.95,0.35,T. humilis,0
RC14-35,-0.8333,89.95,0.35,T. quinqueloba,0
RC14-35,-0.8333,89.95,0.35,N. pachyderma,0
RC14-35,-0.8333,89.95,0.35,N. incompta,0
RC14-35,-0.8333,89.95,0.35,N. dutertrei,31
RC14-35,-0.8333,89.95,0.35,G. conglomerata,31
RC14-35,-0.8333,89.95,0.35,G. hexagonus,1
RC14-35,-0.8333,89.95,0.35,P. obliquiloculata,29
RC14-35,-0.8333,89.95,0.35,G. inflata,0
RC14-35,-0.8333,89.95,0.35,G. crassaformis,8
RC14-35,-0.8333,89.95,0.35,G. hirsuta,0
RC14-35,-0.8333,89.95,0.35,G. scitula,0
RC14-35,-0.8333,89.95,0.35,D. anfracta,0
RC14-35,-0.8333,89.95,0.35,G. cultrata,134
RC14-35,-0.8333,89.95,0.35,G. tumida,12
RC14-35,-0.8333,89.95,0.35,C. nitida,0
RC14-35,-0.8333,89.95,0.35,G. glutinata,1
RC14-35,-0.8333,89.95,0.35,T. iota,0
RC14-35,-0.8333,89.95,0.35,G. uvula,0
RC14-35,-0.8333,89.95,0.35,B. pumilio,0
RC14-35,-0.8333,89.95,0.35,H. pelagica,0
RC14-35,-0.8333,89.95,0.35,H. digitata,0
RC14-35,-0.8333,89.95,0.35,G. truncatulinoides,0
RC14-35,-0.8333,89.95,0.35,O. universa,0
RC14-35,-0.8333,89.95,0.35,G. conglobatus,3
RC14-35,-0.8333,89.95,0.35,G. ruber ruber,0
RC14-35,-0.8333,89.95,0.35,G. ruber albus,0
RC14-35,-0.8333,89.95,0.35,G. tenellus,0
RC14-35,-0.8333,89.95,0.35,T. sacculifer,14
RC14-35,-0.8333,89.95,0.35,S. dehiscens,4
RC14-35,-0.8333,89.95,0.35,G. adamsi,0
RC14-35,-0.8333,89.95,0.35,G. siphonifera,3
RC14-35,-0.8333,89.95,0.35,G. calida,2
RC14-35,-0.8333,89.95,0.35,G. bulloides,3
RC14-35,-0.8333,89.95,0.35,G. falconensis,1
RC14-35,-0.8333,89.95,0.35,B. digitata,0
RC14-35,-0.8333,89.95,0.35,G. rubescens,6
RC14-35,-0.8333,89.95,0.35,T. humilis,0
RC14-35,-0.8333,89.95,0.35,T. quinqueloba,0
RC14-35,-0.8333,89.95,0.35,N. pachyderma,0
RC14-35,-0.8333,89.95,0.35,N. incompta,0
RC14-35,-0.8333,89.95,0.35,N. dutertrei,25
RC14-35,-0.8333,89.95,0.35,G. conglomerata,14
RC14-35,-0.8333,89.95,0.35,G. hexagonus,3
RC14-35,-0.8333,89.95,0.35,P. obliquiloculata,25
RC14-35,-0.8333,89.95,0.35,G. inflata,0
RC14-35,-0.8333,89.95,0.35,G. crassaformis,5
RC14-35,-0.8333,89.95,0.35,G. hirsuta,0
RC14-35,-0.8333,89.95,0.35,G. scitula,0
RC14-35,-0.8333,89.95,0.35,D. anfracta,0
RC14-35,-0.8333,89.95,0.35,G. cultrata,45
RC14-35,-0.8333,89.95,0.35,G. tumida,4
RC14-35,-0.8333,89.95,0.35,C. nitida,0
RC14-35,-0.8333,89.95,0.35,G. glutinata,31
RC14-35,-0.8333,89.95,0.35,T. iota,0
RC14-35,-0.8333,89.95,0.35,G. uvula,0
RC14-35,-0.8333,89.95,0.35,B. pumilio,0
RC14-35,-0.8333,89.95,0.35,H. pelagica,0
RC14-35,-0.8333,89.95,0.35,H. digitata,0
RC14-35,-0.8333,89.95,0.35,G. truncatulinoides,0
RC14-35,-0.8333,89.95,0.35,O. universa,0
RC14-35,-0.8333,89.95,0.35,G. conglobatus,3
RC14-35,-0.8333,89.95,0.35,G. ruber ruber,0
RC14-35,-0.8333,89.95,0.35,G. ruber albus,0
RC14-35,-0.8333,89.95,0.35,G. tenellus,0
RC14-35,-0.8333,89.95,0.35,T. sacculifer,14
RC14-35,-0.8333,89.95,0.35,S. dehiscens,4
RC14-35,-0.8333,89.95,0.35,G. adamsi,0
RC14-35,-0.8333,89.95,0.35,G. siphonifera,3
RC14-35,-0.8333,89.95,0.35,G. calida,2
RC14-35,-0.8333,89.95,0.35,G. bulloides,3
RC14-35,-0.8333,89.95,0.35,G. falconensis,1
RC14-35,-0.8333,89.95,0.35,B. digitata,0
RC14-35,-0.8333,89.95,0.35,G. rubescens,6
RC14-35,-0.8333,89.95,0.35,T. humilis,0
RC14-35,-0.8333,89.95,0.35,T. quinqueloba,0
RC14-35,-0.8333,89.95,0.35,N. pachyderma,0
RC14-35,-0.8333,89.95,0.35,N. incompta,0
RC14-35,-0.8333,89.95,0.35,N. dutertrei,25
RC14-35,-0.8333,89.95,0.35,G. conglomerata,14
RC14-35,-0.8333,89.95,0.35,G. hexagonus,3
RC14-35,-0.8333,89.95,0.35,P. obliquiloculata,25
RC14-35,-0.8333,89.95,0.35,G. inflata,0
RC14-35,-0.8333,89.95,0.35,G. crassaformis,5
RC14-35,-0.8333,89.95,0.35,G. hirsuta,0
RC14-35,-0.8333,89.95,0.35,G. scitula,0
RC14-35,-0.8333,89.95,0.35,D. anfracta,0
RC14-35,-0.8333,89.95,0.35,G. cultrata,134
RC14-35,-0.8333,89.95,0.35,G. tumida,12
RC14-35,-0.8333,89.95,0.35,C. nitida,0
RC14-35,-0.8333,89.95,0.35,G. glutinata,1
RC14-35,-0.8333,89.95,0.35,T. iota,0
RC14-35,-0.8333,89.95,0.35,G. uvula,0
RC14-35,-0.8333,89.95,0.35,B. pumilio,0
RC14-35,-0.8333,89.95,0.35,H. pelagica,0
RC14-35,-0.8333,89.95,0.35,H. digitata,0
RC14-35,-0.8333,89.95,0.35,G. truncatulinoides,0
RC14-35,-0.8333,89.95,0.35,O. universa,2
RC14-35,-0.8333,89.95,0.35,G. conglobatus,2
RC14-35,-0.8333,89.95,0.35,G. ruber ruber,0
RC14-35,-0.8333,89.95,0.35,G. ruber albus,0
RC14-35,-0.8333,89.95,0.35,G. tenellus,0
RC14-35,-0.8333,89.95,0.35,T. sacculifer,30
RC14-35,-0.8333,89.95,0.35,S. dehiscens,0
RC14-35,-0.8333,89.95,0.35,G. adamsi,0
RC14-35,-0.8333,89.95,0.35,G. siphonifera,7
RC14-35,-0.8333,89.95,0.35,G. calida,9
RC14-35,-0.8333,89.95,0.35,G. bulloides,21
RC14-35,-0.8333,89.95,0.35,G. falconensis,1
RC14-35,-0.8333,89.95,0.35,B. digitata,0
RC14-35,-0.8333,89.95,0.35,G. rubescens,0
RC14-35,-0.8333,89.95,0.35,T. humilis,0
RC14-35,-0.8333,89.95,0.35,T. quinqueloba,0
RC14-35,-0.8333,89.95,0.35,N. pachyderma,0
RC14-35,-0.8333,89.95,0.35,N. incompta,0
RC14-35,-0.8333,89.95,0.35,N. dutertrei,31
RC14-35,-0.8333,89.95,0.35,G. conglomerata,31
RC14-35,-0.8333,89.95,0.35,G. hexagonus,1
RC14-35,-0.8333,89.95,0.35,P. obliquiloculata,29
RC14-35,-0.8333,89.95,0.35,G. inflata,0
RC14-35,-0.8333,89.95,0.35,G. crassaformis,8
RC14-35,-0.8333,89.95,0.35,G. hirsuta,0
RC14-35,-0.8333,89.95,0.35,G. scitula,0
RC14-35,-0.8333,89.95,0.35,D. anfracta,0
RC14-35,-0.8333,89.95,0.35,G. cultrata,45
RC14-35,-0.8333,89.95,0.35,G. tumida,4
RC14-35,-0.8333,89.95,0.35,C. nitida,0
RC14-35,-0.8333,89.95,0.35,G. glutinata,31
RC14-35,-0.8333,89.95,0.35,T. iota,0
RC14-35,-0.8333,89.95,0.35,G. uvula,0
RC14-35,-0.8333,89.95,0.35,B. pumilio,0
RC14-35,-0.8333,89.95,0.35,H. pelagica,0
RC14-35,-0.8333,89.95,0.35,H. digitata,0
RC14-35,-0.8333,89.95,0.35,G. truncatulinoides,0
RC14-35,-0.8333,89.95,0.35,O. universa,2
RC14-35,-0.8333,89.95,0.35,G. conglobatus,2
RC14-35,-0.8333,89.95,0.35,G. ruber ruber,0
RC14-35,-0.8333,89.95,0.35,G. ruber albus,0
RC14-35,-0.8333,89.95,0.35,G. tenellus,0
RC14-35,-0.8333,89.95,0.35,T. sacculifer,30
RC14-35,-0.8333,89.95,0.35,S. dehiscens,0
RC14-35,-0.8333,89.95,0.35,G. adamsi,0
RC14-35,-0.8333,89.95,0.35,G. siphonifera,7
RC14-35,-0.8333,89.95,0.35,G. calida,9
RC14-35,-0.8333,89.95,0.35,G. bulloides,21
RC14-35,-0.8333,89.95,0.35,G. falconensis,1
RC14-35,-0.8333,89.95,0.35,B. digitata,0
RC14-35,-0.8333,89.95,0.35,G. rubescens,0
RC14-35,-0.8333,89.95,0.35,T. humilis,0
RC14-35,-0.8333,89.95,0.35,T. quinqueloba,0
RC14-35,-0.8333,89.95,0.35,N. pachyderma,0
RC14-35,-0.8333,89.95,0.35,N. incompta,0
RC14-35,-0.8333,89.95,0.35,N. dutertrei,31
RC14-35,-0.8333,89.95,0.35,G. conglomerata,31
RC14-35,-0.8333,89.95,0.35,G. hexagonus,1
RC14-35,-0.8333,89.95,0.35,P. obliquiloculata,29
RC14-35,-0.8333,89.95,0.35,G. inflata,0
RC14-35,-0.8333,89.95,0.35,G. crassaformis,8
RC14-35,-0.8333,89.95,0.35,G. hirsuta,0
RC14-35,-0.8333,89.95,0.35,G. scitula,0
RC14-35,-0.8333,89.95,0.35,D. anfracta,0
RC14-35,-0.8333,89.95,0.35,G. cultrata,134
RC14-35,-0.8333,89.95,0.35,G. tumida,12
RC14-35,-0.8333,89.95,0.35,C. nitida,0
RC14-35,-0.8333,89.95,0.35,G. glutinata,1
RC14-35,-0.8333,89.95,0.35,T. iota,0
RC14-35,-0.8333,89.95,0.35,G. uvula,0
RC14-35,-0.8333,89.95,0.35,B. pumilio,0
RC14-35,-0.8333,89.95,0.35,H. pelagica,0
RC14-35,-0.8333,89.95,0.35,H. digitata,0
RC14-35,-0.8333,89.95,0.35,G. truncatulinoides,0
RC14-35,-0.8333,89.95,0.35,O. universa,2
RC14-35,-0.8333,89.95,0.35,G. conglobatus,2
RC14-35,-0.8333,89.95,0.35,G. ruber ruber,0
RC14-35,-0.8333,89.95,0.35,G. ruber albus,0
RC14-35,-0.8333,89.95,0.35,G. tenellus,0
RC14-35,-0.8333,89.95,0.35,T. sacculifer,30
RC14-35,-0.8333,89.95,0.35,S. dehiscens,0
RC14-35,-0.8333,89.95,0.35,G. adamsi,0
RC14-35,-0.8333,89.95,0.35,G. siphonifera,7
RC14-35,-0.8333,89.95,0.35,G. calida,9
RC14-35,-0.8333,89.95,0.35,G. bulloides,21
RC14-35,-0.8333,89.95,0.35,G. falconensis,1
RC14-35,-0.8333,89.95,0.35,B. digitata,0
RC14-35,-0.8333,89.95,0.35,G. rubescens,6
RC14-35,-0.8333,89.95,0.35,T. humilis,0
RC14-35,-0.8333,89.95,0.35,T. quinqueloba,0
RC14-35,-0.8333,89.95,0.35,N. pachyderma,0
RC14-35,-0.8333,89.95,0.35,N. incompta,0
RC14-35,-0.8333,89.95,0.35,N. dutertrei,25
RC14-35,-0.8333,89.95,0.35,G. conglomerata,14
RC14-35,-0.8333,89.95,0.35,G. hexagonus,3
RC14-35,-0.8333,89.95,0.35,P. obliquiloculata,25
RC14-35,-0.8333,89.95,0.35,G. inflata,0
RC14-35,-0.8333,89.95,0.35,G. crassaformis,5
RC14-35,-0.8333,89.95,0.35,G. hirsuta,0
RC14-35,-0.8333,89.95,0.35,G. scitula,0
RC14-35,-0.8333,89.95,0.35,D. anfracta,0
RC14-35,-0.8333,89.95,0.35,G. cultrata,45
RC14-35,-0.8333,89.95,0.35,G. tumida,4
RC14-35,-0.8333,89.95,0.35,C. nitida,0
RC14-35,-0.8333,89.95,0.35,G. glutinata,31
RC14-35,-0.8333,89.95,0.35,T. iota,0
RC14-35,-0.8333,89.95,0.35,G. uvula,0
RC14-35,-0.8333,89.95,0.35,B. pumilio,0
RC14-35,-0.8333,89.95,0.35,H. pelagica,0
RC14-35,-0.8333,89.95,0.35,H. digitata,0
RC14-35,-0.8333,89.95,0.35,G. truncatulinoides,0
RC14-35,-0.8333,89.95,0.35,O. universa,2
RC14-35,-0.8333,89.95,0.35,G. conglobatus,2
RC14-35,-0.8333,89.95,0.35,G. ruber ruber,0
RC14-35,-0.8333,89.95,0.35,G. ruber albus,0
RC14-35,-0.8333,89.95,0.35,G. tenellus,0
RC14-35,-0.8333,89.95,0.35,T. sacculifer,30
RC14-35,-0.8333,89.95,0.35,S. dehiscens,0
RC14-35,-0.8333,89.95,0.35,G. adamsi,0
RC14-35,-0.8333,89.95,0.35,G. siphonifera,7
RC14-35,-0.8333,89.95,0.35,G. calida,9
RC14-35,-0.8333,89.95,0.35,G. bulloides,21
RC14-35,-0.8333,89.95,0.35,G. falconensis,1
RC14-35,-0.8333,89.95,0.35,B. digitata,0
RC14-35,-0.8333,89.95,0.35,G. rubescens,6
RC14-35,-0.8333,89.95,0.35,T. humilis,0
RC14-35,-0.8333,89.95,0.35,T. quinqueloba,0
RC14-35,-0.8333,89.95,0.35,N. pachyderma,0
RC14-35,-0.8333,89.95,0.35,N. incompta,0
RC14-35,-0.8333,89.95,0.35,N. dutertrei,25
RC14-35,-0.8333,89.95,0.35,G. conglomerata,14
RC14-35,-0.8333,89.95,0.35,G. hexagonus,3
RC14-35,-0.8333,89.95,0.35,P. obliquiloculata,25
RC14-35,-0.8333,89.95,0.35,G. inflata,0
RC14-35,-0.8333,89.95,0.35,G. crassaformis,5
RC14-35,-0.8333,89.95,0.35,G. hirsuta,0
RC14-35,-0.8333,89.95,0.35,G. scitula,0
RC14-35,-0.8333,89.95,0.35,D. anfracta,0
RC14-35,-0.8333,89.95,0.35,G. cultrata,134
RC14-35,-0.8333,89.95,0.35,G. tumida,12
RC14-35,-0.8333,89.95,0.35,C. nitida,0
RC14-35,-0.8333,89.95,0.35,G. glutinata,1
RC14-35,-0.8333,89.95,0.35,T. iota,0
RC14-35,-0.8333,89.95,0.35,G. uvula,0
RC14-35,-0.8333,89.95,0.35,B. pumilio,0
RC14-35,-0.8333,89.95,0.35,H. pelagica,0
RC14-35,-0.8333,89.95,0.35,H. digitata,0
RC14-35,-0.8333,89.95,0.35,G. truncatulinoides,0
V19-178,8.117,73.25,0.4,O. universa,1
V19-178,8.117,73.25,0.4,G. conglobatus,1
V19-178,8.117,73.25,0.4,G. ruber ruber,0
V19-178,8.117,73.25,0.4,G. ruber albus,0
V19-178,8.117,73.25,0.4,G. tenellus,15
V19-178,8.117,73.25,0.4,T. sacculifer,13
V19-178,8.117,73.25,0.4,S. dehiscens,0
V19-178,8.117,73.25,0.4,G. adamsi,0
V19-178,8.117,73.25,0.4,G. siphonifera,3
V19-178,8.117,73.25,0.4,G. calida,8
V19-178,8.117,73.25,0.4,G. bulloides,30
V19-178,8.117,73.25,0.4,G. falconensis,1
V19-178,8.117,73.25,0.4,B. digitata,0
V19-178,8.117,73.25,0.4,G. rubescens,9
V19-178,8.117,73.25,0.4,T. humilis,2
V19-178,8.117,73.25,0.4,T. quinqueloba,0
V19-178,8.117,73.25,0.4,N. pachyderma,0
V19-178,8.117,73.25,0.4,N. incompta,0
V19-178,8.117,73.25,0.4,N. dutertrei,26
V19-178,8.117,73.25,0.4,G. conglomerata,6
V19-178,8.117,73.25,0.4,G. hexagonus,10
V19-178,8.117,73.25,0.4,P. obliquiloculata,5
V19-178,8.117,73.25,0.4,G. inflata,0
V19-178,8.117,73.25,0.4,G. crassaformis,3
V19-178,8.117,73.25,0.4,G. hirsuta,0
V19-178,8.117,73.25,0.4,G. scitula,5
V19-178,8.117,73.25,0.4,D. anfracta,0
V19-178,8.117,73.25,0.4,G. cultrata,29
V19-178,8.117,73.25,0.4,G. tumida,0
V19-178,8.117,73.25,0.4,C. nitida,0
V19-178,8.117,73.25,0.4,G. glutinata,71
V19-178,8.117,73.25,0.4,T. iota,0
V19-178,8.117,73.25,0.4,G. uvula,0
V19-178,8.117,73.25,0.4,B. pumilio,0
V19-178,8.117,73.25,0.4,H. pelagica,0
V19-178,8.117,73.25,0.4,H. digitata,0
V19-178,8.117,73.25,0.4,G. truncatulinoides,0
