Event,Latitude,Longitude,Depth [m],Symbiosis,Spine,Absolute Abundance
GeoB1008-3,-6.5823,10.3186,2.18,symbiont-barren,non-spinose,92
GeoB1008-3,-6.5823,10.3186,2.18,symbiont-barren,spinose,275
GeoB1008-3,-6.5823,10.3186,2.18,symbiont-bearing,non-spinose,0
GeoB1008-3,-6.5823,10.3186,2.18,symbiont-bearing,spinose,0
GeoB1008-3,-6.5823,10.3186,2.18,symbiont-facultative,non-spinose,179
GeoB1008-3,-6.5823,10.3186,2.18,symbiont-facultative,spinose,0
GeoB1008-3,-6.5823,10.3186,2.18,symbiont-obligate,spinose,116
GeoB1008-3,-6.5823,10.3186,2.18,undetermined,non-spinose,0
GeoB1008-3,-6.5823,10.3186,2.23,symbiont-barren,non-spinose,87
GeoB1008-3,-6.5823,10.3186,2.23,symbiont-barren,spinose,96
GeoB1008-3,-6.5823,10.3186,2.23,symbiont-bearing,non-spinose,0
GeoB1008-3,-6.5823,10.3186,2.23,symbiont-bearing,spinose,0
GeoB1008-3,-6.5823,10.3186,2.23,symbiont-facultative,non-spinose,207
GeoB1008-3,-6.5823,10.3186,2.23,symbiont-facultative,spinose,0
GeoB1008-3,-6.5823,10.3186,2.23,symbiont-obligate,spinose,76
GeoB1008-3,-6.5823,10.3186,2.23,undetermined,non-spinose,3
GeoB1008-3,-6.5823,10.3186,2.28,symbiont-barren,non-spinose,61
GeoB1008-3,-6.5823,10.3186,2.28,symbiont-barren,spinose,183
GeoB1008-3,-6.5823,10.3186,2.28,symbiont-bearing,non-spinose,0
GeoB1008-3,-6.5823,10.3186,2.28,symbiont-bearing,spinose,3
GeoB1008-3,-6.5823,10.3186,2.28,symbiont-facultative,non-spinose,182
GeoB1008-3,-6.5823,10.3186,2.28,symbiont-facultative,spinose,0
GeoB1008-3,-6.5823,10.3186,2.28,symbiont-obligate,spinose,67
GeoB1008-3,-6.5823,10.3186,2.28,undetermined,non-spinose,0
GeoB1008-3,-6.5823,10.3186,2.33,symbiont-barren,non-spinose,111
GeoB1008-3,-6.5823,10.3186,2.33,symbiont-barren,spinose,95
GeoB1008-3,-6.5823,10.3186,2.33,symbiont-bearing,non-spinose,0
GeoB1008-3,-6.5823,10.3186,2.33,symbiont-bearing,spinose,0
GeoB1008-3,-6.5823,10.3186,2.33,symbiont-facultative,non-spinose,181
GeoB1008-3,-6.5823,10.3186,2.33,symbiont-facultative,spinose,0
GeoB1008-3,-6.5823,10.3186,2.33,symbiont-obligate,spinose,79
GeoB1008-3,-6.5823,10.3186,2.33,undetermined,non-spinose,4
GeoB1008-3,-6.5823,10.3186,2.38,symbiont-barren,non-spinose,73
GeoB1008-3,-6.5823,10.3186,2.38,symbiont-barren,spinose,66
GeoB1008-3,-6.5823,10.3186,2.38,symbiont-bearing,non-spinose,0
GeoB1008-3,-6.5823,10.3186,2.38,symbiont-bearing,spinose,0
GeoB1008-3,-6.5823,10.3186,2.38,symbiont-facultative,non-spinose,109
GeoB1008-3,-6.5823,10.3186,2.38,symbiont-facultative,spinose,0
GeoB1008-3,-6.5823,10.3186,2.38,symbiont-obligate,spinose,65
GeoB1008-3,-6.5823,10.3186,2.38,undetermined,non-spinose,2
GeoB1008-3,-6.5823,10.3186,2.43,symbiont-barren,non-spinose,82
GeoB1008-3,-6.5823,10.3186,2.43,symbiont-barren,spinose,106
GeoB1008-3,-6.5823,10.3186,2.43,symbiont-bearing,non-spinose,0
GeoB1008-3,-6.5823,10.3186,2.43,symbiont-bearing,spinose,0
GeoB1008-3,-6.5823,10.3186,2.43,symbiont-facultative,non-spinose,59
GeoB1008-3,-6.5823,10.3186,2.43,symbiont-facultative,spinose,0
GeoB1008-3,-6.5823,10.3186,2.43,symbiont-obligate,spinose,122
GeoB1008-3,-6.5823,10.3186,2.43,undetermined,non-spinose,9
GeoB1008-3,-6.5823,10.3186,2.48,symbiont-barren,non-spinose,27
GeoB1008-3,-6.5823,10.3186,2.48,symbiont-barren,spinose,45
GeoB1008-3,-6.5823,10.3186,2.48,symbiont-bearing,non-spinose,0
GeoB1008-3,-6.5823,10.3186,2.48,symbiont-bearing,spinose,0
GeoB1008-3,-6.5823,10.3186,2.48,symbiont-facultative,non-spinose,28
GeoB1008-3,-6.5823,10.3186,2.48,symbiont-facultative,spinose,0
GeoB1008-3,-6.5823,10.3186,2.48,symbiont-obligate,spinose,87
GeoB1008-3,-6.5823,10.3186,2.48,undetermined,non-spinose,11
GeoB1008-3,-6.5823,10.3186,2.53,symbiont-barren,non-spinose,136
GeoB1008-3,-6.5823,10.3186,2.53,symbiont-barren,spinose,242
GeoB1008-3,-6.5823,10.3186,2.53,symbiont-bearing,non-spinose,0
GeoB1008-3,-6.5823,10.3186,2.53,symbiont-bearing,spinose,5
GeoB1008-3,-6.5823,10.3186,2.53,symbiont-facultative,non-spinose,81
GeoB1008-3,-6.5823,10.3186,2.53,symbiont-facultative,spinose,0
GeoB1008-3,-6.5823,10.3186,2.53,symbiont-obligate,spinose,131
GeoB1008-3,-6.5823,10.3186,2.53,undetermined,non-spinose,7
GeoB1008-3,-6.5823,10.3186,2.58,symbiont-barren,non-spinose,59
GeoB1008-3,-6.5823,10.3186,2.58,symbiont-barren,spinose,118
GeoB1008-3,-6.5823,10.3186,2.58,symbiont-bearing,non-spinose,0
GeoB1008-3,-6.5823,10.3186,2.58,symbiont-bearing,spinose,0
GeoB1008-3,-6.5823,10.3186,2.58,symbiont-facultative,non-spinose,70
GeoB1008-3,-6.5823,10.3186,2.58,symbiont-facultative,spinose,0
GeoB1008-3,-6.5823,10.3186,2.58,symbiont-obligate,spinose,151
GeoB1008-3,-6.5823,10.3186,2.58,undetermined,non-spinose,6
GeoB1008-3,-6.5823,10.3186,2.63,symbiont-barren,non-spinose,109
GeoB1008-3,-6.5823,10.3186,2.63,symbiont-barren,spinose,245
GeoB1008-3,-6.5823,10.3186,2.63,symbiont-bearing,non-spinose,0
GeoB1008-3,-6.5823,10.3186,2.63,symbiont-bearing,spinose,3
GeoB1008-3,-6.5823,10.3186,2.63,symbiont-facultative,non-spinose,133
GeoB1008-3,-6.5823,10.3186,2.63,symbiont-facultative,spinose,0
GeoB1008-3,-6.5823,10.3186,2.63,symbiont-obligate,spinose,102
GeoB1008-3,-6.5823,10.3186,2.63,undetermined,non-spinose,7
GeoB1016-3,-11.7705,11.6819,0.73,symbiont-barren,non-spinose,126
GeoB1016-3,-11.7705,11.6819,0.73,symbiont-barren,spinose,194
GeoB1016-3,-11.7705,11.6819,0.73,symbiont-bearing,non-spinose,0
GeoB1016-3,-11.7705,11.6819,0.73,symbiont-bearing,spinose,4
GeoB1016-3,-11.7705,11.6819,0.73,symbiont-facultative,non-spinose,223
GeoB1016-3,-11.7705,11.6819,0.73,symbiont-facultative,spinose,0
GeoB1016-3,-11.7705,11.6819,0.73,symbiont-obligate,spinose,118
GeoB1016-3,-11.7705,11.6819,0.73,undetermined,non-spinose,20
GeoB1016-3,-11.7705,11.6819,0.78,symbiont-barren,non-spinose,39
GeoB1016-3,-11.7705,11.6819,0.78,symbiont-barren,spinose,33
GeoB1016-3,-11.7705,11.6819,0.78,symbiont-bearing,non-spinose,0
GeoB1016-3,-11.7705,11.6819,0.78,symbiont-bearing,spinose,5
GeoB1016-3,-11.7705,11.6819,0.78,symbiont-facultative,non-spinose,160
GeoB1016-3,-11.7705,11.6819,0.78,symbiont-facultative,spinose,0
GeoB1016-3,-11.7705,11.6819,0.78,symbiont-obligate,spinose,96
GeoB1016-3,-11.7705,11.6819,0.78,undetermined,non-spinose,6
GeoB1016-3,-11.7705,11.6819,0.88,symbiont-barren,non-spinose,96
GeoB1016-3,-11.7705,11.6819,0.88,symbiont-barren,spinose,34
GeoB1016-3,-11.7705,11.6819,0.88,symbiont-bearing,non-spinose,0
GeoB1016-3,-11.7705,11.6819,0.88,symbiont-bearing,spinose,0
GeoB1016-3,-11.7705,11.6819,0.88,symbiont-facultative,non-spinose,114
GeoB1016-3,-11.7705,11.6819,0.88,symbiont-facultative,spinose,0
GeoB1016-3,-11.7705,11.6819,0.88,symbiont-obligate,spinose,126
GeoB1016-3,-11.7705,11.6819,0.88,undetermined,non-spinose,11
GeoB1028-5,-20.104,9.1858,0.93,symbiont-barren,non-spinose,220
GeoB1028-5,-20.104,9.1858,0.93,symbiont-barren,spinose,156
GeoB1028-5,-20.104,9.1858,0.93,symbiont-bearing,non-spinose,0
GeoB1028-5,-20.104,9.1858,0.93,symbiont-bearing,spinose,2
GeoB1028-5,-20.104,9.1858,0.93,symbiont-facultative,non-spinose,75
GeoB1028-5,-20.104,9.1858,0.93,symbiont-facultative,spinose,0
GeoB1028-5,-20.104,9.1858,0.93,symbiont-obligate,spinose,8
GeoB1028-5,-20.104,9.1858,0.93,undetermined,non-spinose,0
GeoB1028-5,-20.104,9.1858,1.03,symbiont-barren,non-spinose,303
GeoB1028-5,-20.104,9.1858,1.03,symbiont-barren,spinose,194
GeoB1028-5,-20.104,9.1858,1.03,symbiont-bearing,non-spinose,0
GeoB1028-5,-20.104,9.1858,1.03,symbiont-bearing,spinose,0
GeoB1028-5,-20.104,9.1858,1.03,symbiont-facultative,non-spinose,106
GeoB1028-5,-20.104,9.1858,1.03,symbiont-facultative,spinose,0
GeoB1028-5,-20.104,9.1858,1.03,symbiont-obligate,spinose,35
GeoB1028-5,-20.104,9.1858,1.03,undetermined,non-spinose,0
GeoB1031-4,-21.88,7.1017,0.28,symbiont-barren,non-spinose,142
GeoB1031-4,-21.88,7.1017,0.28,symbiont-barren,spinose,83
GeoB1031-4,-21.88,7.1017,0.28,symbiont-bearing,non-spinose,0
GeoB1031-4,-21.88,7.1017,0.28,symbiont-bearing,spinose,4
GeoB1031-4,-21.88,7.1017,0.28,symbiont-facultative,non-spinose,126
GeoB1031-4,-21.88,7.1017,0.28,symbiont-facultative,spinose,0
GeoB1031-4,-21.88,7.1017,0.28,symbiont-obligate,spinose,41
GeoB1031-4,-21.88,7.1017,0.28,undetermined,non-spinose,0
GeoB1031-4,-21.88,7.1017,0.33,symbiont-barren,non-spinose,230
GeoB1031-4,-21.88,7.1017,0.33,symbiont-barren,spinose,125
GeoB1031-4,-21.88,7.1017,0.33,symbiont-bearing,non-spinose,0
GeoB1031-4,-21.88,7.1017,0.33,symbiont-bearing,spinose,6
GeoB1031-4,-21.88,7.1017,0.33,symbiont-facultative,non-spinose,114
GeoB1031-4,-21.88,7.1017,0.33,symbiont-facultative,spinose,0
GeoB1031-4,-21.88,7.1017,0.33,symbiont-obligate,spinose,49
GeoB1031-4,-21.88,7.1017,0.33,undetermined,non-spinose,0
GeoB1032-3,-22.915,6.0367,0.38,symbiont-barren,non-spinose,180
GeoB1032-3,-22.915,6.0367,0.38,symbiont-barren,spinose,69
GeoB1032-3,-22.915,6.0367,0.38,symbiont-bearing,non-spinose,0
GeoB1032-3,-22.915,6.0367,0.38,symbiont-bearing,spinose,7
GeoB1032-3,-22.915,6.0367,0.38,symbiont-facultative,non-spinose,113
GeoB1032-3,-22.915,6.0367,0.38,symbiont-facultative,spinose,0
GeoB1032-3,-22.915,6.0367,0.38,symbiont-obligate,spinose,39
GeoB1032-3,-22.915,6.0367,0.38,undetermined,non-spinose,0
GeoB1032-3,-22.915,6.0367,0.43,symbiont-barren,non-spinose,252
GeoB1032-3,-22.915,6.0367,0.43,symbiont-barren,spinose,82
GeoB1032-3,-22.915,6.0367,0.43,symbiont-bearing,non-spinose,0
GeoB1032-3,-22.915,6.0367,0.43,symbiont-bearing,spinose,9
GeoB1032-3,-22.915,6.0367,0.43,symbiont-facultative,non-spinose,129
GeoB1032-3,-22.915,6.0367,0.43,symbiont-facultative,spinose,0
GeoB1032-3,-22.915,6.0367,0.43,symbiont-obligate,spinose,89
GeoB1032-3,-22.915,6.0367,0.43,undetermined,non-spinose,0
GeoB1034-3,-21.735,5.4217,0.23,symbiont-barren,non-spinose,267
GeoB1034-3,-21.735,5.4217,0.23,symbiont-barren,spinose,149
GeoB1034-3,-21.735,5.4217,0.23,symbiont-bearing,non-spinose,0
GeoB1034-3,-21.735,5.4217,0.23,symbiont-bearing,spinose,5
GeoB1034-3,-21.735,5.4217,0.23,symbiont-facultative,non-spinose,216
GeoB1034-3,-21.735,5.4217,0.23,symbiont-facultative,spinose,0
GeoB1034-3,-21.735,5.4217,0.23,symbiont-obligate,spinose,120
GeoB1034-3,-21.735,5.4217,0.23,undetermined,non-spinose,0
GeoB1041-3,-3.475,-7.6,0.53,symbiont-barren,non-spinose,94
GeoB1041-3,-3.475,-7.6,0.53,symbiont-barren,spinose,101
GeoB1041-3,-3.475,-7.6,0.53,symbiont-bearing,non-spinose,0
GeoB1041-3,-3.475,-7.6,0.53,symbiont-bearing,spinose,0
GeoB1041-3,-3.475,-7.6,0.53,symbiont-facultative,non-spinose,249
GeoB1041-3,-3.475,-7.6,0.53,symbiont-facultative,spinose,0
GeoB1041-3,-3.475,-7.6,0.53,symbiont-obligate,spinose,98
GeoB1041-3,-3.475,-7.6,0.53,undetermined,non-spinose,0
GeoB1041-3,-3.475,-7.6,0.58,symbiont-barren,non-spinose,76
GeoB1041-3,-3.475,-7.6,0.58,symbiont-barren,spinose,49
GeoB1041-3,-3.475,-7.6,0.58,symbiont-bearing,non-spinose,0
GeoB1041-3,-3.475,-7.6,0.58,symbiont-bearing,spinose,0
GeoB1041-3,-3.475,-7.6,0.58,symbiont-facultative,non-spinose,182
GeoB1041-3,-3.475,-7.6,0.58,symbiont-facultative,spinose,0
GeoB1041-3,-3.475,-7.6,0.58,symbiont-obligate,spinose,61
GeoB1041-3,-3.475,-7.6,0.58,undetermined,non-spinose,0
GeoB1101-5,1.6583,-10.98,0.33,symbiont-barren,non-spinose,115
GeoB1101-5,1.6583,-10.98,0.33,symbiont-barren,spinose,19
GeoB1101-5,1.6583,-10.98,0.33,symbiont-bearing,non-spinose,0
GeoB1101-5,1.6583,-10.98,0.33,symbiont-bearing,spinose,0
GeoB1101-5,1.6583,-10.98,0.33,symbiont-facultative,non-spinose,311
GeoB1101-5,1.6583,-10.98,0.33,symbiont-facultative,spinose,0
GeoB1101-5,1.6583,-10.98,0.33,symbiont-obligate,spinose,182
GeoB1101-5,1.6583,-10.98,0.33,undetermined,non-spinose,0
GeoB1101-5,1.6583,-10.98,0.38,symbiont-barren,non-spinose,68
GeoB1101-5,1.6583,-10.98,0.38,symbiont-barren,spinose,13
GeoB1101-5,1.6583,-10.98,0.38,symbiont-bearing,non-spinose,0
GeoB1101-5,1.6583,-10.98,0.38,symbiont-bearing,spinose,0
GeoB1101-5,1.6583,-10.98,0.38,symbiont-facultative,non-spinose,336
GeoB1101-5,1.6583,-10.98,0.38,symbiont-facultative,spinose,0
GeoB1101-5,1.6583,-10.98,0.38,symbiont-obligate,spinose,125
GeoB1101-5,1.6583,-10.98,0.38,undetermined,non-spinose,7
GeoB1105-4,-1.665,-12.4283,0.78,symbiont-barren,non-spinose,96
GeoB1105-4,-1.665,-12.4283,0.78,symbiont-barren,spinose,94
GeoB1105-4,-1.665,-12.4283,0.78,symbiont-bearing,non-spinose,0
GeoB1105-4,-1.665,-12.4283,0.78,symbiont-bearing,spinose,15
GeoB1105-4,-1.665,-12.4283,0.78,symbiont-facultative,non-spinose,190
GeoB1105-4,-1.665,-12.4283,0.78,symbiont-facultative,spinose,0
GeoB1105-4,-1.665,-12.4283,0.78,symbiont-obligate,spinose,88
GeoB1105-4,-1.665,-12.4283,0.78,undetermined,non-spinose,0
GeoB1112-4,-5.7783,-10.75,0.48,symbiont-barren,non-spinose,98
GeoB1112-4,-5.7783,-10.75,0.48,symbiont-barren,spinose,87
GeoB1112-4,-5.7783,-10.75,0.48,symbiont-bearing,non-spinose,0
GeoB1112-4,-5.7783,-10.75,0.48,symbiont-bearing,spinose,5
GeoB1112-4,-5.7783,-10.75,0.48,symbiont-facultative,non-spinose,185
GeoB1112-4,-5.7783,-10.75,0.48,symbiont-facultative,spinose,0
GeoB1112-4,-5.7783,-10.75,0.48,symbiont-obligate,spinose,191
GeoB1112-4,-5.7783,-10.75,0.48,undetermined,non-spinose,0
GeoB1112-4,-5.7783,-10.75,0.58,symbiont-barren,non-spinose,91
GeoB1112-4,-5.7783,-10.75,0.58,symbiont-barren,spinose,81
GeoB1112-4,-5.7783,-10.75,0.58,symbiont-bearing,non-spinose,0
GeoB1112-4,-5.7783,-10.75,0.58,symbiont-bearing,spinose,0
GeoB1112-4,-5.7783,-10.75,0.58,symbiont-facultative,non-spinose,189
GeoB1112-4,-5.7783,-10.75,0.58,symbiont-facultative,spinose,0
GeoB1112-4,-5.7783,-10.75,0.58,symbiont-obligate,spinose,205
GeoB1112-4,-5.7783,-10.75,0.58,undetermined,non-spinose,0
GeoB1115-4,-3.5583,-12.58,0.63,symbiont-barren,non-spinose,102
GeoB1115-4,-3.5583,-12.58,0.63,symbiont-barren,spinose,126
GeoB1115-4,-3.5583,-12.58,0.63,symbiont-bearing,non-spinose,0
GeoB1115-4,-3.5583,-12.58,0.63,symbiont-bearing,spinose,8
GeoB1115-4,-3.5583,-12.58,0.63,symbiont-facultative,non-spinose,264
GeoB1115-4,-3.5583,-12.58,0.63,symbiont-facultative,spinose,0
GeoB1115-4,-3.5583,-12.58,0.63,symbiont-obligate,spinose,177
GeoB1115-4,-3.5583,-12.58,0.63,undetermined,non-spinose,4
GeoB1115-4,-3.5583,-12.58,0.68,symbiont-barren,non-spinose,51
GeoB1115-4,-3.5583,-12.58,0.68,symbiont-barren,spinose,127
GeoB1115-4,-3.5583,-12.58,0.68,symbiont-bearing,non-spinose,0
GeoB1115-4,-3.5583,-12.58,0.68,symbiont-bearing,spinose,1
GeoB1115-4,-3.5583,-12.58,0.68,symbiont-facultative,non-spinose,255
GeoB1115-4,-3.5583,-12.58,0.68,symbiont-facultative,spinose,0
GeoB1115-4,-3.5583,-12.58,0.68,symbiont-obligate,spinose,173
GeoB1115-4,-3.5583,-12.58,0.68,undetermined,non-spinose,0
GeoB1117-2,-3.815,-14.8967,0.53,symbiont-barren,non-spinose,71
GeoB1117-2,-3.815,-14.8967,0.53,symbiont-barren,spinose,31
GeoB1117-2,-3.815,-14.8967,0.53,symbiont-bearing,non-spinose,0
GeoB1117-2,-3.815,-14.8967,0.53,symbiont-bearing,spinose,4
GeoB1117-2,-3.815,-14.8967,0.53,symbiont-facultative,non-spinose,92
GeoB1117-2,-3.815,-14.8967,0.53,symbiont-facultative,spinose,0
GeoB1117-2,-3.815,-14.8967,0.53,symbiont-obligate,spinose,170
GeoB1117-2,-3.815,-14.8967,0.53,undetermined,non-spinose,0
GeoB1117-2,-3.815,-14.8967,0.58,symbiont-barren,non-spinose,37
GeoB1117-2,-3.815,-14.8967,0.58,symbiont-barren,spinose,43
GeoB1117-2,-3.815,-14.8967,0.58,symbiont-bearing,non-spinose,0
GeoB1117-2,-3.815,-14.8967,0.58,symbiont-bearing,spinose,8
GeoB1117-2,-3.815,-14.8967,0.58,symbiont-facultative,non-spinose,117
GeoB1117-2,-3.815,-14.8967,0.58,symbiont-facultative,spinose,0
GeoB1117-2,-3.815,-14.8967,0.58,symbiont-obligate,spinose,75
GeoB1117-2,-3.815,-14.8967,0.58,undetermined,non-spinose,0
GeoB1117-2,-3.815,-14.8967,0.63,symbiont-barren,non-spinose,153
GeoB1117-2,-3.815,-14.8967,0.63,symbiont-barren,spinose,58
GeoB1117-2,-3.815,-14.8967,0.63,symbiont-bearing,non-spinose,0
GeoB1117-2,-3.815,-14.8967,0.63,symbiont-bearing,spinose,7
GeoB1117-2,-3.815,-14.8967,0.63,symbiont-facultative,non-spinose,253
GeoB1117-2,-3.815,-14.8967,0.63,symbiont-facultative,spinose,0
GeoB1117-2,-3.815,-14.8967,0.63,symbiont-obligate,spinose,103
GeoB1117-2,-3.815,-14.8967,0.63,undetermined,non-spinose,0
GeoB1214-1,-24.69,7.24,0.23,symbiont-barren,non-spinose,243
GeoB1214-1,-24.69,7.24,0.23,symbiont-barren,spinose,132
GeoB1214-1,-24.69,7.24,0.23,symbiont-bearing,non-spinose,0
GeoB1214-1,-24.69,7.24,0.23,symbiont-bearing,spinose,17
GeoB1214-1,-24.69,7.24,0.23,symbiont-facultative,non-spinose,163
GeoB1214-1,-24.69,7.24,0.23,symbiont-facultative,spinose,0
GeoB1214-1,-24.69,7.24,0.23,symbiont-obligate,spinose,77
GeoB1214-1,-24.69,7.24,0.23,undetermined,non-spinose,3
GeoB1214-1,-24.69,7.24,0.28,symbiont-barren,non-spinose,287
GeoB1214-1,-24.69,7.24,0.28,symbiont-barren,spinose,155
GeoB1214-1,-24.69,7.24,0.28,symbiont-bearing,non-spinose,0
GeoB1214-1,-24.69,7.24,0.28,symbiont-bearing,spinose,15
GeoB1214-1,-24.69,7.24,0.28,symbiont-facultative,non-spinose,146
GeoB1214-1,-24.69,7.24,0.28,symbiont-facultative,spinose,0
GeoB1214-1,-24.69,7.24,0.28,symbiont-obligate,spinose,72
GeoB1214-1,-24.69,7.24,0.28,undetermined,non-spinose,0
GeoB1220-1,-24.0333,5.3067,0.33,symbiont-barren,non-spinose,166
GeoB1220-1,-24.0333,5.3067,0.33,symbiont-barren,spinose,60
GeoB1220-1,-24.0333,5.3067,0.33,symbiont-bearing,non-spinose,0
GeoB1220-1,-24.0333,5.3067,0.33,symbiont-bearing,spinose,5
GeoB1220-1,-24.0333,5.3067,0.33,symbiont-facultative,non-spinose,62
GeoB1220-1,-24.0333,5.3067,0.33,symbiont-facultative,spinose,2
GeoB1220-1,-24.0333,5.3067,0.33,symbiont-obligate,spinose,52
GeoB1220-1,-24.0333,5.3067,0.33,undetermined,non-spinose,0
GeoB1220-1,-24.0333,5.3067,0.38,symbiont-barren,non-spinose,163
GeoB1220-1,-24.0333,5.3067,0.38,symbiont-barren,spinose,72
GeoB1220-1,-24.0333,5.3067,0.38,symbiont-bearing,non-spinose,0
GeoB1220-1,-24.0333,5.3067,0.38,symbiont-bearing,spinose,16
GeoB1220-1,-24.0333,5.3067,0.38,symbiont-facultative,non-spinose,81
GeoB1220-1,-24.0333,5.3067,0.38,symbiont-facultative,spinose,0
GeoB1220-1,-24.0333,5.3067,0.38,symbiont-obligate,spinose,56
GeoB1220-1,-24.0333,5.3067,0.38,undetermined,non-spinose,0
GeoB1306-1,-35.2067,-26.765,0.19,symbiont-barren,non-spinose,478
GeoB1306-1,-35.2067,-26.765,0.19,symbiont-barren,spinose,102
GeoB1306-1,-35.2067,-26.765,0.19,symbiont-bearing,non-spinose,0
GeoB1306-1,-35.2067,-26.765,0.19,symbiont-bearing,spinose,0
GeoB1306-1,-35.2067,-26.765,0.19,symbiont-facultative,non-spinose,103
GeoB1306-1,-35.2067,-26.765,0.19,symbiont-facultative,spinose,0
GeoB1306-1,-35.2067,-26.765,0.19,symbiont-obligate,spinose,35
GeoB1306-1,-35.2067,-26.765,0.19,undetermined,non-spinose,2
GeoB1413-4,-15.68,-9.455,0.19,symbiont-barren,non-spinose,98
GeoB1413-4,-15.68,-9.455,0.19,symbiont-barren,spinose,64
GeoB1413-4,-15.68,-9.455,0.19,symbiont-bearing,non-spinose,0
GeoB1413-4,-15.68,-9.455,0.19,symbiont-bearing,spinose,23
GeoB1413-4,-15.68,-9.455,0.19,symbiont-facultative,non-spinose,176
GeoB1413-4,-15.68,-9.455,0.19,symbiont-facultative,spinose,0
GeoB1413-4,-15.68,-9.455,0.19,symbiont-obligate,spinose,245
GeoB1413-4,-15.68,-9.455,0.19,undetermined,non-spinose,0
GeoB1413-4,-15.68,-9.455,0.23,symbiont-barren,non-spinose,90
GeoB1413-4,-15.68,-9.455,0.23,symbiont-barren,spinose,50
GeoB1413-4,-15.68,-9.455,0.23,symbiont-bearing,non-spinose,0
GeoB1413-4,-15.68,-9.455,0.23,symbiont-bearing,spinose,18
GeoB1413-4,-15.68,-9.455,0.23,symbiont-facultative,non-spinose,119
GeoB1413-4,-15.68,-9.455,0.23,symbiont-facultative,spinose,0
GeoB1413-4,-15.68,-9.455,0.23,symbiont-obligate,spinose,185
GeoB1413-4,-15.68,-9.455,0.23,undetermined,non-spinose,0
GeoB1417-1,-20.3667,-12.7067,0.33,symbiont-barren,non-spinose,109
GeoB1417-1,-20.3667,-12.7067,0.33,symbiont-barren,spinose,131
GeoB1417-1,-20.3667,-12.7067,0.33,symbiont-bearing,non-spinose,0
GeoB1417-1,-20.3667,-12.7067,0.33,symbiont-bearing,spinose,55
GeoB1417-1,-20.3667,-12.7067,0.33,symbiont-facultative,non-spinose,121
GeoB1417-1,-20.3667,-12.7067,0.33,symbiont-facultative,spinose,0
GeoB1417-1,-20.3667,-12.7067,0.33,symbiont-obligate,spinose,259
GeoB1417-1,-20.3667,-12.7067,0.33,undetermined,non-spinose,4
GeoB1417-1,-20.3667,-12.7067,0.38,symbiont-barren,non-spinose,76
GeoB1417-1,-20.3667,-12.7067,0.38,symbiont-barren,spinose,125
GeoB1417-1,-20.3667,-12.7067,0.38,symbiont-bearing,non-spinose,0
GeoB1417-1,-20.3667,-12.7067,0.38,symbiont-bearing,spinose,45
GeoB1417-1,-20.3667,-12.7067,0.38,symbiont-facultative,non-spinose,158
GeoB1417-1,-20.3667,-12.7067,0.38,symbiont-facultative,spinose,2
GeoB1417-1,-20.3667,-12.7067,0.38,symbiont-obligate,spinose,291
GeoB1417-1,-20.3667,-12.7067,0.38,undetermined,non-spinose,2
GeoB1419-2,-15.5367,-17.0683,0.23,symbiont-barren,non-spinose,30
GeoB1419-2,-15.5367,-17.0683,0.23,symbiont-barren,spinose,89
GeoB1419-2,-15.5367,-17.0683,0.23,symbiont-bearing,non-spinose,0
GeoB1419-2,-15.5367,-17.0683,0.23,symbiont-bearing,spinose,48
GeoB1419-2,-15.5367,-17.0683,0.23,symbiont-facultative,non-spinose,95
GeoB1419-2,-15.5367,-17.0683,0.23,symbiont-facultative,spinose,0
GeoB1419-2,-15.5367,-17.0683,0.23,symbiont-obligate,spinose,343
GeoB1419-2,-15.5367,-17.0683,0.23,undetermined,non-spinose,1
GeoB1501-4,-3.6783,-32.0067,0.33,symbiont-barren,non-spinose,109
GeoB1501-4,-3.6783,-32.0067,0.33,symbiont-barren,spinose,8
GeoB1501-4,-3.6783,-32.0067,0.33,symbiont-bearing,non-spinose,0
GeoB1501-4,-3.6783,-32.0067,0.33,symbiont-bearing,spinose,0
GeoB1501-4,-3.6783,-32.0067,0.33,symbiont-facultative,non-spinose,89
GeoB1501-4,-3.6783,-32.0067,0.33,symbiont-facultative,spinose,0
GeoB1501-4,-3.6783,-32.0067,0.33,symbiont-obligate,spinose,326
GeoB1501-4,-3.6783,-32.0067,0.33,undetermined,non-spinose,4
GeoB1501-4,-3.6783,-32.0067,0.38,symbiont-barren,non-spinose,102
GeoB1501-4,-3.6783,-32.0067,0.38,symbiont-barren,spinose,12
GeoB1501-4,-3.6783,-32.0067,0.38,symbiont-bearing,non-spinose,0
GeoB1501-4,-3.6783,-32.0067,0.38,symbiont-bearing,spinose,0
GeoB1501-4,-3.6783,-32.0067,0.38,symbiont-facultative,non-spinose,104
GeoB1501-4,-3.6783,-32.0067,0.38,symbiont-facultative,spinose,1
GeoB1501-4,-3.6783,-32.0067,0.38,symbiont-obligate,spinose,450
GeoB1501-4,-3.6783,-32.0067,0.38,undetermined,non-spinose,2
GeoB1503-1,2.3117,-30.6467,0.28,symbiont-barren,non-spinose,131
GeoB1503-1,2.3117,-30.6467,0.28,symbiont-barren,spinose,42
GeoB1503-1,2.3117,-30.6467,0.28,symbiont-bearing,non-spinose,0
GeoB1503-1,2.3117,-30.6467,0.28,symbiont-bearing,spinose,37
GeoB1503-1,2.3117,-30.6467,0.28,symbiont-facultative,non-spinose,250
GeoB1503-1,2.3117,-30.6467,0.28,symbiont-facultative,spinose,0
GeoB1503-1,2.3117,-30.6467,0.28,symbiont-obligate,spinose,290
GeoB1503-1,2.3117,-30.6467,0.28,undetermined,non-spinose,0
GeoB1503-1,2.3117,-30.6467,0.33,symbiont-barren,non-spinose,139
GeoB1503-1,2.3117,-30.6467,0.33,symbiont-barren,spinose,60
GeoB1503-1,2.3117,-30.6467,0.33,symbiont-bearing,non-spinose,0
GeoB1503-1,2.3117,-30.6467,0.33,symbiont-bearing,spinose,38
GeoB1503-1,2.3117,-30.6467,0.33,symbiont-facultative,non-spinose,209
GeoB1503-1,2.3117,-30.6467,0.33,symbiont-facultative,spinose,0
GeoB1503-1,2.3117,-30.6467,0.33,symbiont-obligate,spinose,281
GeoB1503-1,2.3117,-30.6467,0.33,undetermined,non-spinose,0
GeoB1505-1,2.27,-33.01,0.48,symbiont-barren,non-spinose,162
GeoB1505-1,2.27,-33.01,0.48,symbiont-barren,spinose,37
GeoB1505-1,2.27,-33.01,0.48,symbiont-bearing,non-spinose,0
GeoB1505-1,2.27,-33.01,0.48,symbiont-bearing,spinose,12
GeoB1505-1,2.27,-33.01,0.48,symbiont-facultative,non-spinose,231
GeoB1505-1,2.27,-33.01,0.48,symbiont-facultative,spinose,0
GeoB1505-1,2.27,-33.01,0.48,symbiont-obligate,spinose,439
GeoB1505-1,2.27,-33.01,0.48,undetermined,non-spinose,1
GeoB1505-1,2.27,-33.01,0.53,symbiont-barren,non-spinose,130
GeoB1505-1,2.27,-33.01,0.53,symbiont-barren,spinose,20
GeoB1505-1,2.27,-33.01,0.53,symbiont-bearing,non-spinose,0
GeoB1505-1,2.27,-33.01,0.53,symbiont-bearing,spinose,1
GeoB1505-1,2.27,-33.01,0.53,symbiont-facultative,non-spinose,168
GeoB1505-1,2.27,-33.01,0.53,symbiont-facultative,spinose,0
GeoB1505-1,2.27,-33.01,0.53,symbiont-obligate,spinose,375
GeoB1505-1,2.27,-33.01,0.53,undetermined,non-spinose,0
GeoB1508-4,5.3333,-34.025,0.28,symbiont-barren,non-spinose,49
GeoB1508-4,5.3333,-34.025,0.28,symbiont-barren,spinose,1
GeoB1508-4,5.3333,-34.025,0.28,symbiont-bearing,non-spinose,0
GeoB1508-4,5.3333,-34.025,0.28,symbiont-bearing,spinose,10
GeoB1508-4,5.3333,-34.025,0.28,symbiont-facultative,non-spinose,97
GeoB1508-4,5.3333,-34.025,0.28,symbiont-facultative,spinose,0
GeoB1508-4,5.3333,-34.025,0.28,symbiont-obligate,spinose,407
GeoB1508-4,5.3333,-34.025,0.28,undetermined,non-spinose,0
GeoB1515-1,4.2383,-43.6667,0.48,symbiont-barren,non-spinose,63
GeoB1515-1,4.2383,-43.6667,0.48,symbiont-barren,spinose,6
GeoB1515-1,4.2383,-43.6667,0.48,symbiont-bearing,non-spinose,0
GeoB1515-1,4.2383,-43.6667,0.48,symbiont-bearing,spinose,8
GeoB1515-1,4.2383,-43.6667,0.48,symbiont-facultative,non-spinose,91
GeoB1515-1,4.2383,-43.6667,0.48,symbiont-facultative,spinose,0
GeoB1515-1,4.2383,-43.6667,0.48,symbiont-obligate,spinose,362
GeoB1515-1,4.2383,-43.6667,0.48,undetermined,non-spinose,0
GeoB1701-4,1.95,3.5517,0.98,symbiont-barren,non-spinose,67
GeoB1701-4,1.95,3.5517,0.98,symbiont-barren,spinose,19
GeoB1701-4,1.95,3.5517,0.98,symbiont-bearing,non-spinose,0
GeoB1701-4,1.95,3.5517,0.98,symbiont-bearing,spinose,5
GeoB1701-4,1.95,3.5517,0.98,symbiont-facultative,non-spinose,311
GeoB1701-4,1.95,3.5517,0.98,symbiont-facultative,spinose,1
GeoB1701-4,1.95,3.5517,0.98,symbiont-obligate,spinose,228
GeoB1701-4,1.95,3.5517,0.98,undetermined,non-spinose,6
GeoB1701-4,1.95,3.5517,1.03,symbiont-barren,non-spinose,59
GeoB1701-4,1.95,3.5517,1.03,symbiont-barren,spinose,30
GeoB1701-4,1.95,3.5517,1.03,symbiont-bearing,non-spinose,0
GeoB1701-4,1.95,3.5517,1.03,symbiont-bearing,spinose,20
GeoB1701-4,1.95,3.5517,1.03,symbiont-facultative,non-spinose,390
GeoB1701-4,1.95,3.5517,1.03,symbiont-facultative,spinose,0
GeoB1701-4,1.95,3.5517,1.03,symbiont-obligate,spinose,391
GeoB1701-4,1.95,3.5517,1.03,undetermined,non-spinose,2
GeoB1701-4,1.95,3.5517,1.08,symbiont-barren,non-spinose,50
GeoB1701-4,1.95,3.5517,1.08,symbiont-barren,spinose,32
GeoB1701-4,1.95,3.5517,1.08,symbiont-bearing,non-spinose,0
GeoB1701-4,1.95,3.5517,1.08,symbiont-bearing,spinose,13
GeoB1701-4,1.95,3.5517,1.08,symbiont-facultative,non-spinose,318
GeoB1701-4,1.95,3.5517,1.08,symbiont-facultative,spinose,0
GeoB1701-4,1.95,3.5517,1.08,symbiont-obligate,spinose,291
GeoB1701-4,1.95,3.5517,1.08,undetermined,non-spinose,5
GeoB1701-4,1.95,3.5517,1.13,symbiont-barren,non-spinose,122
GeoB1701-4,1.95,3.5517,1.13,symbiont-barren,spinose,12
GeoB1701-4,1.95,3.5517,1.13,symbiont-bearing,non-spinose,0
GeoB1701-4,1.95,3.5517,1.13,symbiont-bearing,spinose,18
GeoB1701-4,1.95,3.5517,1.13,symbiont-facultative,non-spinose,267
GeoB1701-4,1.95,3.5517,1.13,symbiont-facultative,spinose,0
GeoB1701-4,1.95,3.5517,1.13,symbiont-obligate,spinose,241
GeoB1701-4,1.95,3.5517,1.13,undetermined,non-spinose,0
GeoB1701-4,1.95,3.5517,1.18,symbiont-barren,non-spinose,99
GeoB1701-4,1.95,3.5517,1.18,symbiont-barren,spinose,18
GeoB1701-4,1.95,3.5517,1.18,symbiont-bearing,non-spinose,0
GeoB1701-4,1.95,3.5517,1.18,symbiont-bearing,spinose,3
GeoB1701-4,1.95,3.5517,1.18,symbiont-facultative,non-spinose,155
GeoB1701-4,1.95,3.5517,1.18,symbiont-facultative,spinose,0
GeoB1701-4,1.95,3.5517,1.18,symbiont-obligate,spinose,130
GeoB1701-4,1.95,3.5517,1.18,undetermined,non-spinose,0
GeoB1722-1,-29.45,11.75,0.23,symbiont-barren,non-spinose,254
GeoB1722-1,-29.45,11.75,0.23,symbiont-barren,spinose,67
GeoB1722-1,-29.45,11.75,0.23,symbiont-bearing,non-spinose,0
GeoB1722-1,-29.45,11.75,0.23,symbiont-bearing,spinose,6
GeoB1722-1,-29.45,11.75,0.23,symbiont-facultative,non-spinose,177
GeoB1722-1,-29.45,11.75,0.23,symbiont-facultative,spinose,0
GeoB1722-1,-29.45,11.75,0.23,symbiont-obligate,spinose,29
GeoB1722-1,-29.45,11.75,0.23,undetermined,non-spinose,0
GeoB1722-1,-29.45,11.75,0.28,symbiont-barren,non-spinose,388
GeoB1722-1,-29.45,11.75,0.28,symbiont-barren,spinose,64
GeoB1722-1,-29.45,11.75,0.28,symbiont-bearing,non-spinose,0
GeoB1722-1,-29.45,11.75,0.28,symbiont-bearing,spinose,3
GeoB1722-1,-29.45,11.75,0.28,symbiont-facultative,non-spinose,96
GeoB1722-1,-29.45,11.75,0.28,symbiont-facultative,spinose,0
GeoB1722-1,-29.45,11.75,0.28,symbiont-obligate,spinose,39
GeoB1722-1,-29.45,11.75,0.28,undetermined,non-spinose,0
GeoB1903-3,-8.675,-11.845,0.48,symbiont-barren,non-spinose,64
GeoB1903-3,-8.675,-11.845,0.48,symbiont-barren,spinose,28
GeoB1903-3,-8.675,-11.845,0.48,symbiont-bearing,non-spinose,0
GeoB1903-3,-8.675,-11.845,0.48,symbiont-bearing,spinose,27
GeoB1903-3,-8.675,-11.845,0.48,symbiont-facultative,non-spinose,218
GeoB1903-3,-8.675,-11.845,0.48,symbiont-facultative,spinose,1
GeoB1903-3,-8.675,-11.845,0.48,symbiont-obligate,spinose,275
GeoB1903-3,-8.675,-11.845,0.48,undetermined,non-spinose,1
GeoB1903-3,-8.675,-11.845,0.53,symbiont-barren,non-spinose,158
GeoB1903-3,-8.675,-11.845,0.53,symbiont-barren,spinose,41
GeoB1903-3,-8.675,-11.845,0.53,symbiont-bearing,non-spinose,0
GeoB1903-3,-8.675,-11.845,0.53,symbiont-bearing,spinose,17
GeoB1903-3,-8.675,-11.845,0.53,symbiont-facultative,non-spinose,243
GeoB1903-3,-8.675,-11.845,0.53,symbiont-facultative,spinose,1
GeoB1903-3,-8.675,-11.845,0.53,symbiont-obligate,spinose,318
GeoB1903-3,-8.675,-11.845,0.53,undetermined,non-spinose,8
GeoB1903-3,-8.675,-11.845,0.58,symbiont-barren,non-spinose,222
GeoB1903-3,-8.675,-11.845,0.58,symbiont-barren,spinose,51
GeoB1903-3,-8.675,-11.845,0.58,symbiont-bearing,non-spinose,0
GeoB1903-3,-8.675,-11.845,0.58,symbiont-bearing,spinose,72
GeoB1903-3,-8.675,-11.845,0.58,symbiont-facultative,non-spinose,262
GeoB1903-3,-8.675,-11.845,0.58,symbiont-facultative,spinose,1
GeoB1903-3,-8.675,-11.845,0.58,symbiont-obligate,spinose,503
GeoB1903-3,-8.675,-11.845,0.58,undetermined,non-spinose,0
GeoB1905-3,-17.1433,-13.9867,0.38,symbiont-barren,non-spinose,74
GeoB1905-3,-17.1433,-13.9867,0.38,symbiont-barren,spinose,77
GeoB1905-3,-17.1433,-13.9867,0.38,symbiont-bearing,non-spinose,0
GeoB1905-3,-17.1433,-13.9867,0.38,symbiont-bearing,spinose,76
GeoB1905-3,-17.1433,-13.9867,0.38,symbiont-facultative,non-spinose,202
GeoB1905-3,-17.1433,-13.9867,0.38,symbiont-facultative,spinose,1
GeoB1905-3,-17.1433,-13.9867,0.38,symbiont-obligate,spinose,381
GeoB1905-3,-17.1433,-13.9867,0.38,undetermined,non-spinose,0
GeoB1905-3,-17.1433,-13.9867,0.43,symbiont-barren,non-spinose,77
GeoB1905-3,-17.1433,-13.9867,0.43,symbiont-barren,spinose,41
GeoB1905-3,-17.1433,-13.9867,0.43,symbiont-bearing,non-spinose,0
GeoB1905-3,-17.1433,-13.9867,0.43,symbiont-bearing,spinose,151
GeoB1905-3,-17.1433,-13.9867,0.43,symbiont-facultative,non-spinose,139
GeoB1905-3,-17.1433,-13.9867,0.43,symbiont-facultative,spinose,3
GeoB1905-3,-17.1433,-13.9867,0.43,symbiont-obligate,spinose,637
GeoB1905-3,-17.1433,-13.9867,0.43,undetermined,non-spinose,0
GeoB2004-2,-30.87,14.3433,0.68,symbiont-barren,non-spinose,518
GeoB2004-2,-30.87,14.3433,0.68,symbiont-barren,spinose,107
GeoB2004-2,-30.87,14.3433,0.68,symbiont-bearing,non-spinose,0
GeoB2004-2,-30.87,14.3433,0.68,symbiont-bearing,spinose,1
GeoB2004-2,-30.87,14.3433,0.68,symbiont-facultative,non-spinose,131
GeoB2004-2,-30.87,14.3433,0.68,symbiont-facultative,spinose,3
GeoB2004-2,-30.87,14.3433,0.68,symbiont-obligate,spinose,50
GeoB2004-2,-30.87,14.3433,0.68,undetermined,non-spinose,0
GeoB2004-2,-30.87,14.3433,0.73,symbiont-barren,non-spinose,436
GeoB2004-2,-30.87,14.3433,0.73,symbiont-barren,spinose,97
GeoB2004-2,-30.87,14.3433,0.73,symbiont-bearing,non-spinose,0
GeoB2004-2,-30.87,14.3433,0.73,symbiont-bearing,spinose,4
GeoB2004-2,-30.87,14.3433,0.73,symbiont-facultative,non-spinose,95
GeoB2004-2,-30.87,14.3433,0.73,symbiont-facultative,spinose,0
GeoB2004-2,-30.87,14.3433,0.73,symbiont-obligate,spinose,40
GeoB2004-2,-30.87,14.3433,0.73,undetermined,non-spinose,0
GeoB2004-2,-30.87,14.3433,0.78,symbiont-barren,non-spinose,712
GeoB2004-2,-30.87,14.3433,0.78,symbiont-barren,spinose,120
GeoB2004-2,-30.87,14.3433,0.78,symbiont-bearing,non-spinose,0
GeoB2004-2,-30.87,14.3433,0.78,symbiont-bearing,spinose,10
GeoB2004-2,-30.87,14.3433,0.78,symbiont-facultative,non-spinose,102
GeoB2004-2,-30.87,14.3433,0.78,symbiont-facultative,spinose,1
GeoB2004-2,-30.87,14.3433,0.78,symbiont-obligate,spinose,32
GeoB2004-2,-30.87,14.3433,0.78,undetermined,non-spinose,0
GeoB2016-1,-31.9,-1.33,0.18,symbiont-barren,non-spinose,233
GeoB2016-1,-31.9,-1.33,0.18,symbiont-barren,spinose,227
GeoB2016-1,-31.9,-1.33,0.18,symbiont-bearing,non-spinose,0
GeoB2016-1,-31.9,-1.33,0.18,symbiont-bearing,spinose,7
GeoB2016-1,-31.9,-1.33,0.18,symbiont-facultative,non-spinose,124
GeoB2016-1,-31.9,-1.33,0.18,symbiont-facultative,spinose,0
GeoB2016-1,-31.9,-1.33,0.18,symbiont-obligate,spinose,82
GeoB2016-1,-31.9,-1.33,0.18,undetermined,non-spinose,4
GeoB2019-1,-36.06,-8.7783,0.33,symbiont-barren,non-spinose,277
GeoB2019-1,-36.06,-8.7783,0.33,symbiont-barren,spinose,269
GeoB2019-1,-36.06,-8.7783,0.33,symbiont-bearing,non-spinose,0
GeoB2019-1,-36.06,-8.7783,0.33,symbiont-bearing,spinose,2
GeoB2019-1,-36.06,-8.7783,0.33,symbiont-facultative,non-spinose,147
GeoB2019-1,-36.06,-8.7783,0.33,symbiont-facultative,spinose,0
GeoB2019-1,-36.06,-8.7783,0.33,symbiont-obligate,spinose,11
GeoB2019-1,-36.06,-8.7783,0.33,undetermined,non-spinose,2
GeoB2021-5,-36.8333,-14.4033,0.13,symbiont-barren,non-spinose,273
GeoB2021-5,-36.8333,-14.4033,0.13,symbiont-barren,spinose,230
GeoB2021-5,-36.8333,-14.4033,0.13,symbiont-bearing,non-spinose,0
GeoB2021-5,-36.8333,-14.4033,0.13,symbiont-bearing,spinose,0
GeoB2021-5,-36.8333,-14.4033,0.13,symbiont-facultative,non-spinose,175
GeoB2021-5,-36.8333,-14.4033,0.13,symbiont-facultative,spinose,0
GeoB2021-5,-36.8333,-14.4033,0.13,symbiont-obligate,spinose,8
GeoB2021-5,-36.8333,-14.4033,0.13,undetermined,non-spinose,0
GeoB2109-1,-27.9117,-45.8817,0.48,symbiont-barren,non-spinose,54
GeoB2109-1,-27.9117,-45.8817,0.48,symbiont-barren,spinose,16
GeoB2109-1,-27.9117,-45.8817,0.48,symbiont-bearing,non-spinose,0
GeoB2109-1,-27.9117,-45.8817,0.48,symbiont-bearing,spinose,18
GeoB2109-1,-27.9117,-45.8817,0.48,symbiont-facultative,non-spinose,125
GeoB2109-1,-27.9117,-45.8817,0.48,symbiont-facultative,spinose,0
GeoB2109-1,-27.9117,-45.8817,0.48,symbiont-obligate,spinose,195
GeoB2109-1,-27.9117,-45.8817,0.48,undetermined,non-spinose,1
GeoB2109-1,-27.9117,-45.8817,0.53,symbiont-barren,non-spinose,49
GeoB2109-1,-27.9117,-45.8817,0.53,symbiont-barren,spinose,23
GeoB2109-1,-27.9117,-45.8817,0.53,symbiont-bearing,non-spinose,0
GeoB2109-1,-27.9117,-45.8817,0.53,symbiont-bearing,spinose,20
GeoB2109-1,-27.9117,-45.8817,0.53,symbiont-facultative,non-spinose,91
GeoB2109-1,-27.9117,-45.8817,0.53,symbiont-facultative,spinose,0
GeoB2109-1,-27.9117,-45.8817,0.53,symbiont-obligate,spinose,167
GeoB2109-1,-27.9117,-45.8817,0.53,undetermined,non-spinose,0
GeoB2109-1,-27.9117,-45.8817,0.58,symbiont-barren,non-spinose,84
GeoB2109-1,-27.9117,-45.8817,0.58,symbiont-barren,spinose,25
GeoB2109-1,-27.9117,-45.8817,0.58,symbiont-bearing,non-spinose,0
GeoB2109-1,-27.9117,-45.8817,0.58,symbiont-bearing,spinose,28
GeoB2109-1,-27.9117,-45.8817,0.58,symbiont-facultative,non-spinose,189
GeoB2109-1,-27.9117,-45.8817,0.58,symbiont-facultative,spinose,0
GeoB2109-1,-27.9117,-45.8817,0.58,symbiont-obligate,spinose,182
GeoB2109-1,-27.9117,-45.8817,0.58,undetermined,non-spinose,3
GeoB2109-1,-27.9117,-45.8817,0.63,symbiont-barren,non-spinose,85
GeoB2109-1,-27.9117,-45.8817,0.63,symbiont-barren,spinose,23
GeoB2109-1,-27.9117,-45.8817,0.63,symbiont-bearing,non-spinose,0
GeoB2109-1,-27.9117,-45.8817,0.63,symbiont-bearing,spinose,58
GeoB2109-1,-27.9117,-45.8817,0.63,symbiont-facultative,non-spinose,153
GeoB2109-1,-27.9117,-45.8817,0.63,symbiont-facultative,spinose,0
GeoB2109-1,-27.9117,-45.8817,0.63,symbiont-obligate,spinose,267
GeoB2109-1,-27.9117,-45.8817,0.63,undetermined,non-spinose,1
GeoB2116-4,-25.5117,-35.9983,0.28,symbiont-barren,non-spinose,75
GeoB2116-4,-25.5117,-35.9983,0.28,symbiont-barren,spinose,8
GeoB2116-4,-25.5117,-35.9983,0.28,symbiont-bearing,non-spinose,0
GeoB2116-4,-25.5117,-35.9983,0.28,symbiont-bearing,spinose,0
GeoB2116-4,-25.5117,-35.9983,0.28,symbiont-facultative,non-spinose,43
GeoB2116-4,-25.5117,-35.9983,0.28,symbiont-facultative,spinose,0
GeoB2116-4,-25.5117,-35.9983,0.28,symbiont-obligate,spinose,68
GeoB2116-4,-25.5117,-35.9983,0.28,undetermined,non-spinose,0
GeoB2117-1,-23.0383,-36.6517,0.23,symbiont-barren,non-spinose,22
GeoB2117-1,-23.0383,-36.6517,0.23,symbiont-barren,spinose,42
GeoB2117-1,-23.0383,-36.6517,0.23,symbiont-bearing,non-spinose,0
GeoB2117-1,-23.0383,-36.6517,0.23,symbiont-bearing,spinose,11
GeoB2117-1,-23.0383,-36.6517,0.23,symbiont-facultative,non-spinose,39
GeoB2117-1,-23.0383,-36.6517,0.23,symbiont-facultative,spinose,0
GeoB2117-1,-23.0383,-36.6517,0.23,symbiont-obligate,spinose,339
GeoB2117-1,-23.0383,-36.6517,0.23,undetermined,non-spinose,0
GeoB2125-1,-20.8233,-39.8633,0.33,symbiont-barren,non-spinose,18
GeoB2125-1,-20.8233,-39.8633,0.33,symbiont-barren,spinose,12
GeoB2125-1,-20.8233,-39.8633,0.33,symbiont-bearing,non-spinose,0
GeoB2125-1,-20.8233,-39.8633,0.33,symbiont-bearing,spinose,29
GeoB2125-1,-20.8233,-39.8633,0.33,symbiont-facultative,non-spinose,197
GeoB2125-1,-20.8233,-39.8633,0.33,symbiont-facultative,spinose,0
GeoB2125-1,-20.8233,-39.8633,0.33,symbiont-obligate,spinose,329
GeoB2125-1,-20.8233,-39.8633,0.33,undetermined,non-spinose,0
GeoB2125-1,-20.8233,-39.8633,0.38,symbiont-barren,non-spinose,15
GeoB2125-1,-20.8233,-39.8633,0.38,symbiont-barren,spinose,10
GeoB2125-1,-20.8233,-39.8633,0.38,symbiont-bearing,non-spinose,0
GeoB2125-1,-20.8233,-39.8633,0.38,symbiont-bearing,spinose,36
GeoB2125-1,-20.8233,-39.8633,0.38,symbiont-facultative,non-spinose,236
GeoB2125-1,-20.8233,-39.8633,0.38,symbiont-facultative,spinose,4
GeoB2125-1,-20.8233,-39.8633,0.38,symbiont-obligate,spinose,362
GeoB2125-1,-20.8233,-39.8633,0.38,undetermined,non-spinose,0
GeoB2202-4,-8.1983,-34.265,0.78,symbiont-barren,non-spinose,31
GeoB2202-4,-8.1983,-34.265,0.78,symbiont-barren,spinose,6
GeoB2202-4,-8.1983,-34.265,0.78,symbiont-bearing,non-spinose,0
GeoB2202-4,-8.1983,-34.265,0.78,symbiont-bearing,spinose,22
GeoB2202-4,-8.1983,-34.265,0.78,symbiont-facultative,non-spinose,124
GeoB2202-4,-8.1983,-34.265,0.78,symbiont-facultative,spinose,0
GeoB2202-4,-8.1983,-34.265,0.78,symbiont-obligate,spinose,614
GeoB2202-4,-8.1983,-34.265,0.78,undetermined,non-spinose,0
GeoB2202-4,-8.1983,-34.265,0.83,symbiont-barren,non-spinose,30
GeoB2202-4,-8.1983,-34.265,0.83,symbiont-barren,spinose,9
GeoB2202-4,-8.1983,-34.265,0.83,symbiont-bearing,non-spinose,0
GeoB2202-4,-8.1983,-34.265,0.83,symbiont-bearing,spinose,29
GeoB2202-4,-8.1983,-34.265,0.83,symbiont-facultative,non-spinose,135
GeoB2202-4,-8.1983,-34.265,0.83,symbiont-facultative,spinose,0
GeoB2202-4,-8.1983,-34.265,0.83,symbiont-obligate,spinose,585
GeoB2202-4,-8.1983,-34.265,0.83,undetermined,non-spinose,0
GeoB2202-4,-8.1983,-34.265,0.88,symbiont-barren,non-spinose,24
GeoB2202-4,-8.1983,-34.265,0.88,symbiont-barren,spinose,15
GeoB2202-4,-8.1983,-34.265,0.88,symbiont-bearing,non-spinose,0
GeoB2202-4,-8.1983,-34.265,0.88,symbiont-bearing,spinose,49
GeoB2202-4,-8.1983,-34.265,0.88,symbiont-facultative,non-spinose,152
GeoB2202-4,-8.1983,-34.265,0.88,symbiont-facultative,spinose,0
GeoB2202-4,-8.1983,-34.265,0.88,symbiont-obligate,spinose,541
GeoB2202-4,-8.1983,-34.265,0.88,undetermined,non-spinose,0
GeoB2202-4,-8.1983,-34.265,0.93,symbiont-barren,non-spinose,14
GeoB2202-4,-8.1983,-34.265,0.93,symbiont-barren,spinose,5
GeoB2202-4,-8.1983,-34.265,0.93,symbiont-bearing,non-spinose,0
GeoB2202-4,-8.1983,-34.265,0.93,symbiont-bearing,spinose,48
GeoB2202-4,-8.1983,-34.265,0.93,symbiont-facultative,non-spinose,140
GeoB2202-4,-8.1983,-34.265,0.93,symbiont-facultative,spinose,0
GeoB2202-4,-8.1983,-34.265,0.93,symbiont-obligate,spinose,482
GeoB2202-4,-8.1983,-34.265,0.93,undetermined,non-spinose,0
GeoB2215-10,0.0067,-23.495,0.43,symbiont-barren,non-spinose,208
GeoB2215-10,0.0067,-23.495,0.43,symbiont-barren,spinose,72
GeoB2215-10,0.0067,-23.495,0.43,symbiont-bearing,non-spinose,0
GeoB2215-10,0.0067,-23.495,0.43,symbiont-bearing,spinose,12
GeoB2215-10,0.0067,-23.495,0.43,symbiont-facultative,non-spinose,202
GeoB2215-10,0.0067,-23.495,0.43,symbiont-facultative,spinose,0
GeoB2215-10,0.0067,-23.495,0.43,symbiont-obligate,spinose,229
GeoB2215-10,0.0067,-23.495,0.43,undetermined,non-spinose,4
GeoB2215-10,0.0067,-23.495,0.48,symbiont-barren,non-spinose,164
GeoB2215-10,0.0067,-23.495,0.48,symbiont-barren,spinose,16
GeoB2215-10,0.0067,-23.495,0.48,symbiont-bearing,non-spinose,0
GeoB2215-10,0.0067,-23.495,0.48,symbiont-bearing,spinose,1
GeoB2215-10,0.0067,-23.495,0.48,symbiont-facultative,non-spinose,159
GeoB2215-10,0.0067,-23.495,0.48,symbiont-facultative,spinose,0
GeoB2215-10,0.0067,-23.495,0.48,symbiont-obligate,spinose,84
GeoB2215-10,0.0067,-23.495,0.48,undetermined,non-spinose,0
GeoB2819-1,-30.8483,-38.3433,0.13,symbiont-barren,non-spinose,285
GeoB2819-1,-30.8483,-38.3433,0.13,symbiont-barren,spinose,109
GeoB2819-1,-30.8483,-38.3433,0.13,symbiont-bearing,non-spinose,0
GeoB2819-1,-30.8483,-38.3433,0.13,symbiont-bearing,spinose,21
GeoB2819-1,-30.8483,-38.3433,0.13,symbiont-facultative,non-spinose,138
GeoB2819-1,-30.8483,-38.3433,0.13,symbiont-facultative,spinose,0
GeoB2819-1,-30.8483,-38.3433,0.13,symbiont-obligate,spinose,219
GeoB2819-1,-30.8483,-38.3433,0.13,undetermined,non-spinose,3
GeoB3104-1,-3.6667,-37.7167,1.73,symbiont-barren,non-spinose,23
GeoB3104-1,-3.6667,-37.7167,1.73,symbiont-barren,spinose,0
GeoB3104-1,-3.6667,-37.7167,1.73,symbiont-bearing,non-spinose,0
GeoB3104-1,-3.6667,-37.7167,1.73,symbiont-bearing,spinose,11
GeoB3104-1,-3.6667,-37.7167,1.73,symbiont-facultative,non-spinose,217
GeoB3104-1,-3.6667,-37.7167,1.73,symbiont-facultative,spinose,0
GeoB3104-1,-3.6667,-37.7167,1.73,symbiont-obligate,spinose,460
GeoB3104-1,-3.6667,-37.7167,1.73,undetermined,non-spinose,0
GeoB3104-1,-3.6667,-37.7167,1.78,symbiont-barren,non-spinose,36
GeoB3104-1,-3.6667,-37.7167,1.78,symbiont-barren,spinose,0
GeoB3104-1,-3.6667,-37.7167,1.78,symbiont-bearing,non-spinose,0
GeoB3104-1,-3.6667,-37.7167,1.78,symbiont-bearing,spinose,9
GeoB3104-1,-3.6667,-37.7167,1.78,symbiont-facultative,non-spinose,212
GeoB3104-1,-3.6667,-37.7167,1.78,symbiont-facultative,spinose,0
GeoB3104-1,-3.6667,-37.7167,1.78,symbiont-obligate,spinose,353
GeoB3104-1,-3.6667,-37.7167,1.78,undetermined,non-spinose,0
GeoB3104-1,-3.6667,-37.7167,1.83,symbiont-barren,non-spinose,34
GeoB3104-1,-3.6667,-37.7167,1.83,symbiont-barren,spinose,0
GeoB3104-1,-3.6667,-37.7167,1.83,symbiont-bearing,non-spinose,0
GeoB3104-1,-3.6667,-37.7167,1.83,symbiont-bearing,spinose,9
GeoB3104-1,-3.6667,-37.7167,1.83,symbiont-facultative,non-spinose,157
GeoB3104-1,-3.6667,-37.7167,1.83,symbiont-facultative,spinose,0
GeoB3104-1,-3.6667,-37.7167,1.83,symbiont-obligate,spinose,313
GeoB3104-1,-3.6667,-37.7167,1.83,undetermined,non-spinose,0
GeoB3104-1,-3.6667,-37.7167,1.88,symbiont-barren,non-spinose,34
GeoB3104-1,-3.6667,-37.7167,1.88,symbiont-barren,spinose,0
GeoB3104-1,-3.6667,-37.7167,1.88,symbiont-bearing,non-spinose,0
GeoB3104-1,-3.6667,-37.7167,1.88,symbiont-bearing,spinose,22
GeoB3104-1,-3.6667,-37.7167,1.88,symbiont-facultative,non-spinose,173
GeoB3104-1,-3.6667,-37.7167,1.88,symbiont-facultative,spinose,0
GeoB3104-1,-3.6667,-37.7167,1.88,symbiont-obligate,spinose,304
GeoB3104-1,-3.6667,-37.7167,1.88,undetermined,non-spinose,0
GeoB3104-1,-3.6667,-37.7167,1.98,symbiont-barren,non-spinose,35
GeoB3104-1,-3.6667,-37.7167,1.98,symbiont-barren,spinose,0
GeoB3104-1,-3.6667,-37.7167,1.98,symbiont-bearing,non-spinose,0
GeoB3104-1,-3.6667,-37.7167,1.98,symbiont-bearing,spinose,18
GeoB3104-1,-3.6667,-37.7167,1.98,symbiont-facultative,non-spinose,109
GeoB3104-1,-3.6667,-37.7167,1.98,symbiont-facultative,spinose,0
GeoB3104-1,-3.6667,-37.7167,1.98,symbiont-obligate,spinose,237
GeoB3104-1,-3.6667,-37.7167,1.98,undetermined,non-spinose,0
GeoB3117-1,-4.295,-37.0917,2.98,symbiont-barren,non-spinose,40
GeoB3117-1,-4.295,-37.0917,2.98,symbiont-barren,spinose,0
GeoB3117-1,-4.295,-37.0917,2.98,symbiont-bearing,non-spinose,0
GeoB3117-1,-4.295,-37.0917,2.98,symbiont-bearing,spinose,30
GeoB3117-1,-4.295,-37.0917,2.98,symbiont-facultative,non-spinose,176
GeoB3117-1,-4.295,-37.0917,2.98,symbiont-facultative,spinose,0
GeoB3117-1,-4.295,-37.0917,2.98,symbiont-obligate,spinose,351
GeoB3117-1,-4.295,-37.0917,2.98,undetermined,non-spinose,0
GeoB3117-1,-4.295,-37.0917,3.03,symbiont-barren,non-spinose,35
GeoB3117-1,-4.295,-37.0917,3.03,symbiont-barren,spinose,0
GeoB3117-1,-4.295,-37.0917,3.03,symbiont-bearing,non-spinose,0
GeoB3117-1,-4.295,-37.0917,3.03,symbiont-bearing,spinose,21
GeoB3117-1,-4.295,-37.0917,3.03,symbiont-facultative,non-spinose,137
GeoB3117-1,-4.295,-37.0917,3.03,symbiont-facultative,spinose,0
GeoB3117-1,-4.295,-37.0917,3.03,symbiont-obligate,spinose,257
GeoB3117-1,-4.295,-37.0917,3.03,undetermined,non-spinose,0
GeoB3117-1,-4.295,-37.0917,3.13,symbiont-barren,non-spinose,31
GeoB3117-1,-4.295,-37.0917,3.13,symbiont-barren,spinose,0
GeoB3117-1,-4.295,-37.0917,3.13,symbiont-bearing,non-spinose,0
GeoB3117-1,-4.295,-37.0917,3.13,symbiont-bearing,spinose,47
GeoB3117-1,-4.295,-37.0917,3.13,symbiont-facultative,non-spinose,121
GeoB3117-1,-4.295,-37.0917,3.13,symbiont-facultative,spinose,0
GeoB3117-1,-4.295,-37.0917,3.13,symbiont-obligate,spinose,254
GeoB3117-1,-4.295,-37.0917,3.13,undetermined,non-spinose,0
GeoB3117-1,-4.295,-37.0917,3.23,symbiont-barren,non-spinose,24
GeoB3117-1,-4.295,-37.0917,3.23,symbiont-barren,spinose,0
GeoB3117-1,-4.295,-37.0917,3.23,symbiont-bearing,non-spinose,0
GeoB3117-1,-4.295,-37.0917,3.23,symbiont-bearing,spinose,10
GeoB3117-1,-4.295,-37.0917,3.23,symbiont-facultative,non-spinose,129
GeoB3117-1,-4.295,-37.0917,3.23,symbiont-facultative,spinose,0
GeoB3117-1,-4.295,-37.0917,3.23,symbiont-obligate,spinose,245
GeoB3117-1,-4.295,-37.0917,3.23,undetermined,non-spinose,0
GeoB3117-1,-4.295,-37.0917,3.33,symbiont-barren,non-spinose,18
GeoB3117-1,-4.295,-37.0917,3.33,symbiont-barren,spinose,3
GeoB3117-1,-4.295,-37.0917,3.33,symbiont-bearing,non-spinose,0
GeoB3117-1,-4.295,-37.0917,3.33,symbiont-bearing,spinose,8
GeoB3117-1,-4.295,-37.0917,3.33,symbiont-facultative,non-spinose,93
GeoB3117-1,-4.295,-37.0917,3.33,symbiont-facultative,spinose,0
GeoB3117-1,-4.295,-37.0917,3.33,symbiont-obligate,spinose,216
GeoB3117-1,-4.295,-37.0917,3.33,undetermined,non-spinose,0
GeoB3117-1,-4.295,-37.0917,3.43,symbiont-barren,non-spinose,20
GeoB3117-1,-4.295,-37.0917,3.43,symbiont-barren,spinose,0
GeoB3117-1,-4.295,-37.0917,3.43,symbiont-bearing,non-spinose,0
GeoB3117-1,-4.295,-37.0917,3.43,symbiont-bearing,spinose,4
GeoB3117-1,-4.295,-37.0917,3.43,symbiont-facultative,non-spinose,89
GeoB3117-1,-4.295,-37.0917,3.43,symbiont-facultative,spinose,0
GeoB3117-1,-4.295,-37.0917,3.43,symbiont-obligate,spinose,320
GeoB3117-1,-4.295,-37.0917,3.43,undetermined,non-spinose,0
GeoB3117-1,-4.295,-37.0917,3.53,symbiont-barren,non-spinose,14
GeoB3117-1,-4.295,-37.0917,3.53,symbiont-barren,spinose,1
GeoB3117-1,-4.295,-37.0917,3.53,symbiont-bearing,non-spinose,0
GeoB3117-1,-4.295,-37.0917,3.53,symbiont-bearing,spinose,10
GeoB3117-1,-4.295,-37.0917,3.53,symbiont-facultative,non-spinose,103
GeoB3117-1,-4.295,-37.0917,3.53,symbiont-facultative,spinose,0
GeoB3117-1,-4.295,-37.0917,3.53,symbiont-obligate,spinose,388
GeoB3117-1,-4.295,-37.0917,3.53,undetermined,non-spinose,0
GeoB3175-1,-7.0533,-34.4633,1.68,symbiont-barren,non-spinose,29
GeoB3175-1,-7.0533,-34.4633,1.68,symbiont-barren,spinose,11
GeoB3175-1,-7.0533,-34.4633,1.68,symbiont-bearing,non-spinose,3
GeoB3175-1,-7.0533,-34.4633,1.68,symbiont-bearing,spinose,10
GeoB3175-1,-7.0533,-34.4633,1.68,symbiont-facultative,non-spinose,45
GeoB3175-1,-7.0533,-34.4633,1.68,symbiont-facultative,spinose,0
GeoB3175-1,-7.0533,-34.4633,1.68,symbiont-obligate,spinose,391
GeoB3175-1,-7.0533,-34.4633,1.68,undetermined,non-spinose,0
GeoB3175-1,-7.0533,-34.4633,1.73,symbiont-barren,non-spinose,20
GeoB3175-1,-7.0533,-34.4633,1.73,symbiont-barren,spinose,13
GeoB3175-1,-7.0533,-34.4633,1.73,symbiont-bearing,non-spinose,0
GeoB3175-1,-7.0533,-34.4633,1.73,symbiont-bearing,spinose,16
GeoB3175-1,-7.0533,-34.4633,1.73,symbiont-facultative,non-spinose,36
GeoB3175-1,-7.0533,-34.4633,1.73,symbiont-facultative,spinose,0
GeoB3175-1,-7.0533,-34.4633,1.73,symbiont-obligate,spinose,317
GeoB3175-1,-7.0533,-34.4633,1.73,undetermined,non-spinose,0
GeoB3175-1,-7.0533,-34.4633,1.78,symbiont-barren,non-spinose,16
GeoB3175-1,-7.0533,-34.4633,1.78,symbiont-barren,spinose,22
GeoB3175-1,-7.0533,-34.4633,1.78,symbiont-bearing,non-spinose,0
GeoB3175-1,-7.0533,-34.4633,1.78,symbiont-bearing,spinose,12
GeoB3175-1,-7.0533,-34.4633,1.78,symbiont-facultative,non-spinose,32
GeoB3175-1,-7.0533,-34.4633,1.78,symbiont-facultative,spinose,0
GeoB3175-1,-7.0533,-34.4633,1.78,symbiont-obligate,spinose,309
GeoB3175-1,-7.0533,-34.4633,1.78,undetermined,non-spinose,0
GeoB3175-1,-7.0533,-34.4633,1.83,symbiont-barren,non-spinose,32
GeoB3175-1,-7.0533,-34.4633,1.83,symbiont-barren,spinose,5
GeoB3175-1,-7.0533,-34.4633,1.83,symbiont-bearing,non-spinose,0
GeoB3175-1,-7.0533,-34.4633,1.83,symbiont-bearing,spinose,15
GeoB3175-1,-7.0533,-34.4633,1.83,symbiont-facultative,non-spinose,52
GeoB3175-1,-7.0533,-34.4633,1.83,symbiont-facultative,spinose,0
GeoB3175-1,-7.0533,-34.4633,1.83,symbiont-obligate,spinose,410
GeoB3175-1,-7.0533,-34.4633,1.83,undetermined,non-spinose,0
GeoB3176-1,-7.0117,-34.4417,3.43,symbiont-barren,non-spinose,17
GeoB3176-1,-7.0117,-34.4417,3.43,symbiont-barren,spinose,4
GeoB3176-1,-7.0117,-34.4417,3.43,symbiont-bearing,non-spinose,0
GeoB3176-1,-7.0117,-34.4417,3.43,symbiont-bearing,spinose,13
GeoB3176-1,-7.0117,-34.4417,3.43,symbiont-facultative,non-spinose,76
GeoB3176-1,-7.0117,-34.4417,3.43,symbiont-facultative,spinose,0
GeoB3176-1,-7.0117,-34.4417,3.43,symbiont-obligate,spinose,308
GeoB3176-1,-7.0117,-34.4417,3.43,undetermined,non-spinose,0
GeoB3176-1,-7.0117,-34.4417,3.48,symbiont-barren,non-spinose,25
GeoB3176-1,-7.0117,-34.4417,3.48,symbiont-barren,spinose,12
GeoB3176-1,-7.0117,-34.4417,3.48,symbiont-bearing,non-spinose,0
GeoB3176-1,-7.0117,-34.4417,3.48,symbiont-bearing,spinose,21
GeoB3176-1,-7.0117,-34.4417,3.48,symbiont-facultative,non-spinose,103
GeoB3176-1,-7.0117,-34.4417,3.48,symbiont-facultative,spinose,0
GeoB3176-1,-7.0117,-34.4417,3.48,symbiont-obligate,spinose,380
GeoB3176-1,-7.0117,-34.4417,3.48,undetermined,non-spinose,0
GeoB3176-1,-7.0117,-34.4417,3.53,symbiont-barren,non-spinose,25
GeoB3176-1,-7.0117,-34.4417,3.53,symbiont-barren,spinose,21
GeoB3176-1,-7.0117,-34.4417,3.53,symbiont-bearing,non-spinose,0
GeoB3176-1,-7.0117,-34.4417,3.53,symbiont-bearing,spinose,26
GeoB3176-1,-7.0117,-34.4417,3.53,symbiont-facultative,non-spinose,64
GeoB3176-1,-7.0117,-34.4417,3.53,symbiont-facultative,spinose,0
GeoB3176-1,-7.0117,-34.4417,3.53,symbiont-obligate,spinose,407
GeoB3176-1,-7.0117,-34.4417,3.53,undetermined,non-spinose,0
GeoB3176-1,-7.0117,-34.4417,3.58,symbiont-barren,non-spinose,9
GeoB3176-1,-7.0117,-34.4417,3.58,symbiont-barren,spinose,6
GeoB3176-1,-7.0117,-34.4417,3.58,symbiont-bearing,non-spinose,0
GeoB3176-1,-7.0117,-34.4417,3.58,symbiont-bearing,spinose,8
GeoB3176-1,-7.0117,-34.4417,3.58,symbiont-facultative,non-spinose,71
GeoB3176-1,-7.0117,-34.4417,3.58,symbiont-facultative,spinose,0
GeoB3176-1,-7.0117,-34.4417,3.58,symbiont-obligate,spinose,411
GeoB3176-1,-7.0117,-34.4417,3.58,undetermined,non-spinose,0
GeoB3603-2,-35.125,17.5433,0.33,symbiont-barren,non-spinose,282
GeoB3603-2,-35.125,17.5433,0.33,symbiont-barren,spinose,71
GeoB3603-2,-35.125,17.5433,0.33,symbiont-bearing,non-spinose,0
GeoB3603-2,-35.125,17.5433,0.33,symbiont-bearing,spinose,0
GeoB3603-2,-35.125,17.5433,0.33,symbiont-facultative,non-spinose,69
GeoB3603-2,-35.125,17.5433,0.33,symbiont-facultative,spinose,0
GeoB3603-2,-35.125,17.5433,0.33,symbiont-obligate,spinose,13
GeoB3603-2,-35.125,17.5433,0.33,undetermined,non-spinose,0
GeoB3603-2,-35.125,17.5433,0.38,symbiont-barren,non-spinose,239
GeoB3603-2,-35.125,17.5433,0.38,symbiont-barren,spinose,68
GeoB3603-2,-35.125,17.5433,0.38,symbiont-bearing,non-spinose,0
GeoB3603-2,-35.125,17.5433,0.38,symbiont-bearing,spinose,0
GeoB3603-2,-35.125,17.5433,0.38,symbiont-facultative,non-spinose,79
GeoB3603-2,-35.125,17.5433,0.38,symbiont-facultative,spinose,0
GeoB3603-2,-35.125,17.5433,0.38,symbiont-obligate,spinose,11
GeoB3603-2,-35.125,17.5433,0.38,undetermined,non-spinose,0
GeoB3722-2,-25.25,12.0217,0.83,symbiont-barren,non-spinose,627
GeoB3722-2,-25.25,12.0217,0.83,symbiont-barren,spinose,29
GeoB3722-2,-25.25,12.0217,0.83,symbiont-bearing,non-spinose,0
GeoB3722-2,-25.25,12.0217,0.83,symbiont-bearing,spinose,0
GeoB3722-2,-25.25,12.0217,0.83,symbiont-facultative,non-spinose,54
GeoB3722-2,-25.25,12.0217,0.83,symbiont-facultative,spinose,0
GeoB3722-2,-25.25,12.0217,0.83,symbiont-obligate,spinose,0
GeoB3722-2,-25.25,12.0217,0.83,undetermined,non-spinose,0
GeoB3722-2,-25.25,12.0217,0.88,symbiont-barren,non-spinose,862
GeoB3722-2,-25.25,12.0217,0.88,symbiont-barren,spinose,91
GeoB3722-2,-25.25,12.0217,0.88,symbiont-bearing,non-spinose,0
GeoB3722-2,-25.25,12.0217,0.88,symbiont-bearing,spinose,0
GeoB3722-2,-25.25,12.0217,0.88,symbiont-facultative,non-spinose,95
GeoB3722-2,-25.25,12.0217,0.88,symbiont-facultative,spinose,0
GeoB3722-2,-25.25,12.0217,0.88,symbiont-obligate,spinose,13
GeoB3722-2,-25.25,12.0217,0.88,undetermined,non-spinose,0
GeoB3722-2,-25.25,12.0217,0.93,symbiont-barren,non-spinose,960
GeoB3722-2,-25.25,12.0217,0.93,symbiont-barren,spinose,25
GeoB3722-2,-25.25,12.0217,0.93,symbiont-bearing,non-spinose,0
GeoB3722-2,-25.25,12.0217,0.93,symbiont-bearing,spinose,0
GeoB3722-2,-25.25,12.0217,0.93,symbiont-facultative,non-spinose,64
GeoB3722-2,-25.25,12.0217,0.93,symbiont-facultative,spinose,0
GeoB3722-2,-25.25,12.0217,0.93,symbiont-obligate,spinose,3
GeoB3722-2,-25.25,12.0217,0.93,undetermined,non-spinose,0
GeoB3722-2,-25.25,12.0217,0.98,symbiont-barren,non-spinose,781
GeoB3722-2,-25.25,12.0217,0.98,symbiont-barren,spinose,46
GeoB3722-2,-25.25,12.0217,0.98,symbiont-bearing,non-spinose,0
GeoB3722-2,-25.25,12.0217,0.98,symbiont-bearing,spinose,0
GeoB3722-2,-25.25,12.0217,0.98,symbiont-facultative,non-spinose,44
GeoB3722-2,-25.25,12.0217,0.98,symbiont-facultative,spinose,0
GeoB3722-2,-25.25,12.0217,0.98,symbiont-obligate,spinose,1
GeoB3722-2,-25.25,12.0217,0.98,undetermined,non-spinose,0
GeoB3801-6,-29.5117,-8.305,0.18,symbiont-barren,non-spinose,119
GeoB3801-6,-29.5117,-8.305,0.18,symbiont-barren,spinose,91
GeoB3801-6,-29.5117,-8.305,0.18,symbiont-bearing,non-spinose,0
GeoB3801-6,-29.5117,-8.305,0.18,symbiont-bearing,spinose,20
GeoB3801-6,-29.5117,-8.305,0.18,symbiont-facultative,non-spinose,111
GeoB3801-6,-29.5117,-8.305,0.18,symbiont-facultative,spinose,0
GeoB3801-6,-29.5117,-8.305,0.18,symbiont-obligate,spinose,127
GeoB3801-6,-29.5117,-8.305,0.18,undetermined,non-spinose,4
GeoB3808-6,-30.8117,-14.7117,0.18,symbiont-barren,non-spinose,169
GeoB3808-6,-30.8117,-14.7117,0.18,symbiont-barren,spinose,185
GeoB3808-6,-30.8117,-14.7117,0.18,symbiont-bearing,non-spinose,0
GeoB3808-6,-30.8117,-14.7117,0.18,symbiont-bearing,spinose,21
GeoB3808-6,-30.8117,-14.7117,0.18,symbiont-facultative,non-spinose,164
GeoB3808-6,-30.8117,-14.7117,0.18,symbiont-facultative,spinose,0
GeoB3808-6,-30.8117,-14.7117,0.18,symbiont-obligate,spinose,173
GeoB3808-6,-30.8117,-14.7117,0.18,undetermined,non-spinose,12
GeoB3813-3,-32.2683,-21.9667,0.13,symbiont-barren,non-spinose,251
GeoB3813-3,-32.2683,-21.9667,0.13,symbiont-barren,spinose,88
GeoB3813-3,-32.2683,-21.9667,0.13,symbiont-bearing,non-spinose,0
GeoB3813-3,-32.2683,-21.9667,0.13,symbiont-bearing,spinose,5
GeoB3813-3,-32.2683,-21.9667,0.13,symbiont-facultative,non-spinose,125
GeoB3813-3,-32.2683,-21.9667,0.13,symbiont-facultative,spinose,0
GeoB3813-3,-32.2683,-21.9667,0.13,symbiont-obligate,spinose,102
GeoB3813-3,-32.2683,-21.9667,0.13,undetermined,non-spinose,0
GeoB5112-5,-23.825,-16.2583,0.16,symbiont-barren,non-spinose,61
GeoB5112-5,-23.825,-16.2583,0.16,symbiont-barren,spinose,48
GeoB5112-5,-23.825,-16.2583,0.16,symbiont-bearing,non-spinose,0
GeoB5112-5,-23.825,-16.2583,0.16,symbiont-bearing,spinose,74
GeoB5112-5,-23.825,-16.2583,0.16,symbiont-facultative,non-spinose,158
GeoB5112-5,-23.825,-16.2583,0.16,symbiont-facultative,spinose,0
GeoB5112-5,-23.825,-16.2583,0.16,symbiont-obligate,spinose,286
GeoB5112-5,-23.825,-16.2583,0.16,undetermined,non-spinose,0
GeoB5115-2,-24.1433,-14.0433,0.14,symbiont-barren,non-spinose,73
GeoB5115-2,-24.1433,-14.0433,0.14,symbiont-barren,spinose,71
GeoB5115-2,-24.1433,-14.0433,0.14,symbiont-bearing,non-spinose,0
GeoB5115-2,-24.1433,-14.0433,0.14,symbiont-bearing,spinose,78
GeoB5115-2,-24.1433,-14.0433,0.14,symbiont-facultative,non-spinose,177
GeoB5115-2,-24.1433,-14.0433,0.14,symbiont-facultative,spinose,0
GeoB5115-2,-24.1433,-14.0433,0.14,symbiont-obligate,spinose,393
GeoB5115-2,-24.1433,-14.0433,0.14,undetermined,non-spinose,0
GeoB5115-2,-24.1433,-14.0433,0.15,symbiont-barren,non-spinose,77
GeoB5115-2,-24.1433,-14.0433,0.15,symbiont-barren,spinose,55
GeoB5115-2,-24.1433,-14.0433,0.15,symbiont-bearing,non-spinose,0
GeoB5115-2,-24.1433,-14.0433,0.15,symbiont-bearing,spinose,80
GeoB5115-2,-24.1433,-14.0433,0.15,symbiont-facultative,non-spinose,138
GeoB5115-2,-24.1433,-14.0433,0.15,symbiont-facultative,spinose,0
GeoB5115-2,-24.1433,-14.0433,0.15,symbiont-obligate,spinose,352
GeoB5115-2,-24.1433,-14.0433,0.15,undetermined,non-spinose,0
GeoB5115-2,-24.1433,-14.0433,0.16,symbiont-barren,non-spinose,51
GeoB5115-2,-24.1433,-14.0433,0.16,symbiont-barren,spinose,49
GeoB5115-2,-24.1433,-14.0433,0.16,symbiont-bearing,non-spinose,0
GeoB5115-2,-24.1433,-14.0433,0.16,symbiont-bearing,spinose,44
GeoB5115-2,-24.1433,-14.0433,0.16,symbiont-facultative,non-spinose,154
GeoB5115-2,-24.1433,-14.0433,0.16,symbiont-facultative,spinose,0
GeoB5115-2,-24.1433,-14.0433,0.16,symbiont-obligate,spinose,267
GeoB5115-2,-24.1433,-14.0433,0.16,undetermined,non-spinose,0
GeoB5115-2,-24.1433,-14.0433,0.17,symbiont-barren,non-spinose,58
GeoB5115-2,-24.1433,-14.0433,0.17,symbiont-barren,spinose,43
GeoB5115-2,-24.1433,-14.0433,0.17,symbiont-bearing,non-spinose,0
GeoB5115-2,-24.1433,-14.0433,0.17,symbiont-bearing,spinose,62
GeoB5115-2,-24.1433,-14.0433,0.17,symbiont-facultative,non-spinose,172
GeoB5115-2,-24.1433,-14.0433,0.17,symbiont-facultative,spinose,0
GeoB5115-2,-24.1433,-14.0433,0.17,symbiont-obligate,spinose,313
GeoB5115-2,-24.1433,-14.0433,0.17,undetermined,non-spinose,0
GeoB5121-2,-24.1833,-12.0217,0.16,symbiont-barren,non-spinose,70
GeoB5121-2,-24.1833,-12.0217,0.16,symbiont-barren,spinose,54
GeoB5121-2,-24.1833,-12.0217,0.16,symbiont-bearing,non-spinose,0
GeoB5121-2,-24.1833,-12.0217,0.16,symbiont-bearing,spinose,87
GeoB5121-2,-24.1833,-12.0217,0.16,symbiont-facultative,non-spinose,152
GeoB5121-2,-24.1833,-12.0217,0.16,symbiont-facultative,spinose,0
GeoB5121-2,-24.1833,-12.0217,0.16,symbiont-obligate,spinose,260
GeoB5121-2,-24.1833,-12.0217,0.16,undetermined,non-spinose,4
GeoB5133-3,-19.0867,-10.1917,0.18,symbiont-barren,non-spinose,97
GeoB5133-3,-19.0867,-10.1917,0.18,symbiont-barren,spinose,89
GeoB5133-3,-19.0867,-10.1917,0.18,symbiont-bearing,non-spinose,0
GeoB5133-3,-19.0867,-10.1917,0.18,symbiont-bearing,spinose,59
GeoB5133-3,-19.0867,-10.1917,0.18,symbiont-facultative,non-spinose,174
GeoB5133-3,-19.0867,-10.1917,0.18,symbiont-facultative,spinose,0
GeoB5133-3,-19.0867,-10.1917,0.18,symbiont-obligate,spinose,360
GeoB5133-3,-19.0867,-10.1917,0.18,undetermined,non-spinose,6
GeoB5140-3,-19.0517,-16.6133,0.1,symbiont-barren,non-spinose,62
GeoB5140-3,-19.0517,-16.6133,0.1,symbiont-barren,spinose,47
GeoB5140-3,-19.0517,-16.6133,0.1,symbiont-bearing,non-spinose,0
GeoB5140-3,-19.0517,-16.6133,0.1,symbiont-bearing,spinose,158
GeoB5140-3,-19.0517,-16.6133,0.1,symbiont-facultative,non-spinose,122
GeoB5140-3,-19.0517,-16.6133,0.1,symbiont-facultative,spinose,2
GeoB5140-3,-19.0517,-16.6133,0.1,symbiont-obligate,spinose,245
GeoB5140-3,-19.0517,-16.6133,0.1,undetermined,non-spinose,7
GeoB5140-3,-19.0517,-16.6133,0.11,symbiont-barren,non-spinose,59
GeoB5140-3,-19.0517,-16.6133,0.11,symbiont-barren,spinose,47
GeoB5140-3,-19.0517,-16.6133,0.11,symbiont-bearing,non-spinose,0
GeoB5140-3,-19.0517,-16.6133,0.11,symbiont-bearing,spinose,172
GeoB5140-3,-19.0517,-16.6133,0.11,symbiont-facultative,non-spinose,152
GeoB5140-3,-19.0517,-16.6133,0.11,symbiont-facultative,spinose,4
GeoB5140-3,-19.0517,-16.6133,0.11,symbiont-obligate,spinose,326
GeoB5140-3,-19.0517,-16.6133,0.11,undetermined,non-spinose,6
GeoB5140-3,-19.0517,-16.6133,0.12,symbiont-barren,non-spinose,56
GeoB5140-3,-19.0517,-16.6133,0.12,symbiont-barren,spinose,45
GeoB5140-3,-19.0517,-16.6133,0.12,symbiont-bearing,non-spinose,0
GeoB5140-3,-19.0517,-16.6133,0.12,symbiont-bearing,spinose,109
GeoB5140-3,-19.0517,-16.6133,0.12,symbiont-facultative,non-spinose,84
GeoB5140-3,-19.0517,-16.6133,0.12,symbiont-facultative,spinose,5
GeoB5140-3,-19.0517,-16.6133,0.12,symbiont-obligate,spinose,251
GeoB5140-3,-19.0517,-16.6133,0.12,undetermined,non-spinose,6
