Event,Latitude,Longitude,Depth sed [m],Symbiosis,Spine,Absolute Abundance
MD95-2040,40.581833,-9.861167,3.44,symbiont-barren,non-spinose,212
MD95-2040,40.581833,-9.861167,3.44,symbiont-barren,spinose,83
MD95-2040,40.581833,-9.861167,3.44,symbiont-bearing,non-spinose,0
MD95-2040,40.581833,-9.861167,3.44,symbiont-bearing,spinose,0
MD95-2040,40.581833,-9.861167,3.44,symbiont-facultative,non-spinose,140
MD95-2040,40.581833,-9.861167,3.44,symbiont-facultative,spinose,0
MD95-2040,40.581833,-9.861167,3.44,symbiont-obligate,spinose,32
MD95-2040,40.581833,-9.861167,3.44,undetermined,non-spinose,15
MD95-2040,40.581833,-9.861167,3.47,symbiont-barren,non-spinose,371
MD95-2040,40.581833,-9.861167,3.47,symbiont-barren,spinose,131
MD95-2040,40.581833,-9.861167,3.47,symbiont-bearing,non-spinose,0
MD95-2040,40.581833,-9.861167,3.47,symbiont-bearing,spinose,1
MD95-2040,40.581833,-9.861167,3.47,symbiont-facultative,non-spinose,145
MD95-2040,40.581833,-9.861167,3.47,symbiont-facultative,spinose,0
MD95-2040,40.581833,-9.861167,3.47,symbiont-obligate,spinose,52
MD95-2040,40.581833,-9.861167,3.47,undetermined,non-spinose,22
MD95-2040,40.581833,-9.861167,3.5,symbiont-barren,non-spinose,169
MD95-2040,40.581833,-9.861167,3.5,symbiont-barren,spinose,77
MD95-2040,40.581833,-9.861167,3.5,symbiont-bearing,non-spinose,0
MD95-2040,40.581833,-9.861167,3.5,symbiont-bearing,spinose,0
MD95-2040,40.581833,-9.861167,3.5,symbiont-facultative,non-spinose,72
MD95-2040,40.581833,-9.861167,3.5,symbiont-facultative,spinose,0
MD95-2040,40.581833,-9.861167,3.5,symbiont-obligate,spinose,34
MD95-2040,40.581833,-9.861167,3.5,undetermined,non-spinose,11
MD95-2040,40.581833,-9.861167,3.53,symbiont-barren,non-spinose,220
MD95-2040,40.581833,-9.861167,3.53,symbiont-barren,spinose,119
MD95-2040,40.581833,-9.861167,3.53,symbiont-bearing,non-spinose,0
MD95-2040,40.581833,-9.861167,3.53,symbiont-bearing,spinose,1
MD95-2040,40.581833,-9.861167,3.53,symbiont-facultative,non-spinose,119
MD95-2040,40.581833,-9.861167,3.53,symbiont-facultative,spinose,0
MD95-2040,40.581833,-9.861167,3.53,symbiont-obligate,spinose,48
MD95-2040,40.581833,-9.861167,3.53,undetermined,non-spinose,22
MD95-2040,40.581833,-9.861167,3.56,symbiont-barren,non-spinose,393
MD95-2040,40.581833,-9.861167,3.56,symbiont-barren,spinose,162
MD95-2040,40.581833,-9.861167,3.56,symbiont-bearing,non-spinose,0
MD95-2040,40.581833,-9.861167,3.56,symbiont-bearing,spinose,1
MD95-2040,40.581833,-9.861167,3.56,symbiont-facultative,non-spinose,264
MD95-2040,40.581833,-9.861167,3.56,symbiont-facultative,spinose,0
MD95-2040,40.581833,-9.861167,3.56,symbiont-obligate,spinose,43
MD95-2040,40.581833,-9.861167,3.56,undetermined,non-spinose,28
MD95-2040,40.581833,-9.861167,3.59,symbiont-barren,non-spinose,231
MD95-2040,40.581833,-9.861167,3.59,symbiont-barren,spinose,103
MD95-2040,40.581833,-9.861167,3.59,symbiont-bearing,non-spinose,0
MD95-2040,40.581833,-9.861167,3.59,symbiont-bearing,spinose,1
MD95-2040,40.581833,-9.861167,3.59,symbiont-facultative,non-spinose,113
MD95-2040,40.581833,-9.861167,3.59,symbiont-facultative,spinose,0
MD95-2040,40.581833,-9.861167,3.59,symbiont-obligate,spinose,42
MD95-2040,40.581833,-9.861167,3.59,undetermined,non-spinose,5
MD95-2040,40.581833,-9.861167,3.62,symbiont-barren,non-spinose,141
MD95-2040,40.581833,-9.861167,3.62,symbiont-barren,spinose,93
MD95-2040,40.581833,-9.861167,3.62,symbiont-bearing,non-spinose,0
MD95-2040,40.581833,-9.861167,3.62,symbiont-bearing,spinose,1
MD95-2040,40.581833,-9.861167,3.62,symbiont-facultative,non-spinose,90
MD95-2040,40.581833,-9.861167,3.62,symbiont-facultative,spinose,0
MD95-2040,40.581833,-9.861167,3.62,symbiont-obligate,spinose,26
MD95-2040,40.581833,-9.861167,3.62,undetermined,non-spinose,9
MD95-2040,40.581833,-9.861167,3.65,symbiont-barren,non-spinose,170
MD95-2040,40.581833,-9.861167,3.65,symbiont-barren,spinose,79
MD95-2040,40.581833,-9.861167,3.65,symbiont-bearing,non-spinose,0
MD95-2040,40.581833,-9.861167,3.65,symbiont-bearing,spinose,0
MD95-2040,40.581833,-9.861167,3.65,symbiont-facultative,non-spinose,101
MD95-2040,40.581833,-9.861167,3.65,symbiont-facultative,spinose,0
MD95-2040,40.581833,-9.861167,3.65,symbiont-obligate,spinose,29
MD95-2040,40.581833,-9.861167,3.65,undetermined,non-spinose,14
MD95-2040,40.581833,-9.861167,3.68,symbiont-barren,non-spinose,206
MD95-2040,40.581833,-9.861167,3.68,symbiont-barren,spinose,103
MD95-2040,40.581833,-9.861167,3.68,symbiont-bearing,non-spinose,0
MD95-2040,40.581833,-9.861167,3.68,symbiont-bearing,spinose,0
MD95-2040,40.581833,-9.861167,3.68,symbiont-facultative,non-spinose,115
MD95-2040,40.581833,-9.861167,3.68,symbiont-facultative,spinose,0
MD95-2040,40.581833,-9.861167,3.68,symbiont-obligate,spinose,38
MD95-2040,40.581833,-9.861167,3.68,undetermined,non-spinose,17
MD95-2040,40.581833,-9.861167,3.71,symbiont-barren,non-spinose,155
MD95-2040,40.581833,-9.861167,3.71,symbiont-barren,spinose,96
MD95-2040,40.581833,-9.861167,3.71,symbiont-bearing,non-spinose,0
MD95-2040,40.581833,-9.861167,3.71,symbiont-bearing,spinose,0
MD95-2040,40.581833,-9.861167,3.71,symbiont-facultative,non-spinose,88
MD95-2040,40.581833,-9.861167,3.71,symbiont-facultative,spinose,0
MD95-2040,40.581833,-9.861167,3.71,symbiont-obligate,spinose,34
MD95-2040,40.581833,-9.861167,3.71,undetermined,non-spinose,3
MD95-2040,40.581833,-9.861167,3.74,symbiont-barren,non-spinose,184
MD95-2040,40.581833,-9.861167,3.74,symbiont-barren,spinose,93
MD95-2040,40.581833,-9.861167,3.74,symbiont-bearing,non-spinose,0
MD95-2040,40.581833,-9.861167,3.74,symbiont-bearing,spinose,0
MD95-2040,40.581833,-9.861167,3.74,symbiont-facultative,non-spinose,102
MD95-2040,40.581833,-9.861167,3.74,symbiont-facultative,spinose,0
MD95-2040,40.581833,-9.861167,3.74,symbiont-obligate,spinose,39
MD95-2040,40.581833,-9.861167,3.74,undetermined,non-spinose,8
MD95-2040,40.581833,-9.861167,3.77,symbiont-barren,non-spinose,229
MD95-2040,40.581833,-9.861167,3.77,symbiont-barren,spinose,102
MD95-2040,40.581833,-9.861167,3.77,symbiont-bearing,non-spinose,0
MD95-2040,40.581833,-9.861167,3.77,symbiont-bearing,spinose,1
MD95-2040,40.581833,-9.861167,3.77,symbiont-facultative,non-spinose,117
MD95-2040,40.581833,-9.861167,3.77,symbiont-facultative,spinose,0
MD95-2040,40.581833,-9.861167,3.77,symbiont-obligate,spinose,47
MD95-2040,40.581833,-9.861167,3.77,undetermined,non-spinose,6
MD95-2040,40.581833,-9.861167,3.8,symbiont-barren,non-spinose,225
MD95-2040,40.581833,-9.861167,3.8,symbiont-barren,spinose,144
MD95-2040,40.581833,-9.861167,3.8,symbiont-bearing,non-spinose,0
MD95-2040,40.581833,-9.861167,3.8,symbiont-bearing,spinose,0
MD95-2040,40.581833,-9.861167,3.8,symbiont-facultative,non-spinose,119
MD95-2040,40.581833,-9.861167,3.8,symbiont-facultative,spinose,0
MD95-2040,40.581833,-9.861167,3.8,symbiont-obligate,spinose,57
MD95-2040,40.581833,-9.861167,3.8,undetermined,non-spinose,10
MD95-2040,40.581833,-9.861167,3.83,symbiont-barren,non-spinose,246
MD95-2040,40.581833,-9.861167,3.83,symbiont-barren,spinose,141
MD95-2040,40.581833,-9.861167,3.83,symbiont-bearing,non-spinose,0
MD95-2040,40.581833,-9.861167,3.83,symbiont-bearing,spinose,0
MD95-2040,40.581833,-9.861167,3.83,symbiont-facultative,non-spinose,159
MD95-2040,40.581833,-9.861167,3.83,symbiont-facultative,spinose,0
MD95-2040,40.581833,-9.861167,3.83,symbiont-obligate,spinose,55
MD95-2040,40.581833,-9.861167,3.83,undetermined,non-spinose,11
MD95-2040,40.581833,-9.861167,3.86,symbiont-barren,non-spinose,183
MD95-2040,40.581833,-9.861167,3.86,symbiont-barren,spinose,117
MD95-2040,40.581833,-9.861167,3.86,symbiont-bearing,non-spinose,0
MD95-2040,40.581833,-9.861167,3.86,symbiont-bearing,spinose,0
MD95-2040,40.581833,-9.861167,3.86,symbiont-facultative,non-spinose,94
MD95-2040,40.581833,-9.861167,3.86,symbiont-facultative,spinose,0
MD95-2040,40.581833,-9.861167,3.86,symbiont-obligate,spinose,28
MD95-2040,40.581833,-9.861167,3.86,undetermined,non-spinose,5
MD95-2040,40.581833,-9.861167,3.89,symbiont-barren,non-spinose,261
MD95-2040,40.581833,-9.861167,3.89,symbiont-barren,spinose,152
MD95-2040,40.581833,-9.861167,3.89,symbiont-bearing,non-spinose,0
MD95-2040,40.581833,-9.861167,3.89,symbiont-bearing,spinose,0
MD95-2040,40.581833,-9.861167,3.89,symbiont-facultative,non-spinose,134
MD95-2040,40.581833,-9.861167,3.89,symbiont-facultative,spinose,0
MD95-2040,40.581833,-9.861167,3.89,symbiont-obligate,spinose,59
MD95-2040,40.581833,-9.861167,3.89,undetermined,non-spinose,9
MD95-2040,40.581833,-9.861167,3.92,symbiont-barren,non-spinose,264
MD95-2040,40.581833,-9.861167,3.92,symbiont-barren,spinose,123
MD95-2040,40.581833,-9.861167,3.92,symbiont-bearing,non-spinose,0
MD95-2040,40.581833,-9.861167,3.92,symbiont-bearing,spinose,0
MD95-2040,40.581833,-9.861167,3.92,symbiont-facultative,non-spinose,139
MD95-2040,40.581833,-9.861167,3.92,symbiont-facultative,spinose,0
MD95-2040,40.581833,-9.861167,3.92,symbiont-obligate,spinose,58
MD95-2040,40.581833,-9.861167,3.92,undetermined,non-spinose,7
MD95-2040,40.581833,-9.861167,3.95,symbiont-barren,non-spinose,190
MD95-2040,40.581833,-9.861167,3.95,symbiont-barren,spinose,86
MD95-2040,40.581833,-9.861167,3.95,symbiont-bearing,non-spinose,0
MD95-2040,40.581833,-9.861167,3.95,symbiont-bearing,spinose,1
MD95-2040,40.581833,-9.861167,3.95,symbiont-facultative,non-spinose,126
MD95-2040,40.581833,-9.861167,3.95,symbiont-facultative,spinose,0
MD95-2040,40.581833,-9.861167,3.95,symbiont-obligate,spinose,51
MD95-2040,40.581833,-9.861167,3.95,undetermined,non-spinose,3
MD95-2040,40.581833,-9.861167,3.98,symbiont-barren,non-spinose,151
MD95-2040,40.581833,-9.861167,3.98,symbiont-barren,spinose,89
MD95-2040,40.581833,-9.861167,3.98,symbiont-bearing,non-spinose,0
MD95-2040,40.581833,-9.861167,3.98,symbiont-bearing,spinose,0
MD95-2040,40.581833,-9.861167,3.98,symbiont-facultative,non-spinose,91
MD95-2040,40.581833,-9.861167,3.98,symbiont-facultative,spinose,0
MD95-2040,40.581833,-9.861167,3.98,symbiont-obligate,spinose,52
MD95-2040,40.581833,-9.861167,3.98,undetermined,non-spinose,4
MD95-2040,40.581833,-9.861167,4.01,symbiont-barren,non-spinose,124
MD95-2040,40.581833,-9.861167,4.01,symbiont-barren,spinose,102
MD95-2040,40.581833,-9.861167,4.01,symbiont-bearing,non-spinose,0
MD95-2040,40.581833,-9.861167,4.01,symbiont-bearing,spinose,0
MD95-2040,40.581833,-9.861167,4.01,symbiont-facultative,non-spinose,64
MD95-2040,40.581833,-9.861167,4.01,symbiont-facultative,spinose,0
MD95-2040,40.581833,-9.861167,4.01,symbiont-obligate,spinose,39
MD95-2040,40.581833,-9.861167,4.01,undetermined,non-spinose,4
MD95-2040,40.581833,-9.861167,4.04,symbiont-barren,non-spinose,476
MD95-2040,40.581833,-9.861167,4.04,symbiont-barren,spinose,200
MD95-2040,40.581833,-9.861167,4.04,symbiont-bearing,non-spinose,0
MD95-2040,40.581833,-9.861167,4.04,symbiont-bearing,spinose,0
MD95-2040,40.581833,-9.861167,4.04,symbiont-facultative,non-spinose,207
MD95-2040,40.581833,-9.861167,4.04,symbiont-facultative,spinose,0
MD95-2040,40.581833,-9.861167,4.04,symbiont-obligate,spinose,70
MD95-2040,40.581833,-9.861167,4.04,undetermined,non-spinose,6
MD95-2040,40.581833,-9.861167,4.07,symbiont-barren,non-spinose,246
MD95-2040,40.581833,-9.861167,4.07,symbiont-barren,spinose,116
MD95-2040,40.581833,-9.861167,4.07,symbiont-bearing,non-spinose,0
MD95-2040,40.581833,-9.861167,4.07,symbiont-bearing,spinose,0
MD95-2040,40.581833,-9.861167,4.07,symbiont-facultative,non-spinose,105
MD95-2040,40.581833,-9.861167,4.07,symbiont-facultative,spinose,0
MD95-2040,40.581833,-9.861167,4.07,symbiont-obligate,spinose,36
MD95-2040,40.581833,-9.861167,4.07,undetermined,non-spinose,5
MD95-2040,40.581833,-9.861167,4.1,symbiont-barren,non-spinose,184
MD95-2040,40.581833,-9.861167,4.1,symbiont-barren,spinose,114
MD95-2040,40.581833,-9.861167,4.1,symbiont-bearing,non-spinose,0
MD95-2040,40.581833,-9.861167,4.1,symbiont-bearing,spinose,0
MD95-2040,40.581833,-9.861167,4.1,symbiont-facultative,non-spinose,80
MD95-2040,40.581833,-9.861167,4.1,symbiont-facultative,spinose,0
MD95-2040,40.581833,-9.861167,4.1,symbiont-obligate,spinose,28
MD95-2040,40.581833,-9.861167,4.1,undetermined,non-spinose,4
MD95-2040,40.581833,-9.861167,4.13,symbiont-barren,non-spinose,199
MD95-2040,40.581833,-9.861167,4.13,symbiont-barren,spinose,118
MD95-2040,40.581833,-9.861167,4.13,symbiont-bearing,non-spinose,0
MD95-2040,40.581833,-9.861167,4.13,symbiont-bearing,spinose,0
MD95-2040,40.581833,-9.861167,4.13,symbiont-facultative,non-spinose,97
MD95-2040,40.581833,-9.861167,4.13,symbiont-facultative,spinose,0
MD95-2040,40.581833,-9.861167,4.13,symbiont-obligate,spinose,21
MD95-2040,40.581833,-9.861167,4.13,undetermined,non-spinose,5
MD95-2040,40.581833,-9.861167,4.16,symbiont-barren,non-spinose,231
MD95-2040,40.581833,-9.861167,4.16,symbiont-barren,spinose,118
MD95-2040,40.581833,-9.861167,4.16,symbiont-bearing,non-spinose,1
MD95-2040,40.581833,-9.861167,4.16,symbiont-bearing,spinose,0
MD95-2040,40.581833,-9.861167,4.16,symbiont-facultative,non-spinose,85
MD95-2040,40.581833,-9.861167,4.16,symbiont-facultative,spinose,0
MD95-2040,40.581833,-9.861167,4.16,symbiont-obligate,spinose,27
MD95-2040,40.581833,-9.861167,4.16,undetermined,non-spinose,4
MD95-2040,40.581833,-9.861167,4.19,symbiont-barren,non-spinose,118
MD95-2040,40.581833,-9.861167,4.19,symbiont-barren,spinose,102
MD95-2040,40.581833,-9.861167,4.19,symbiont-bearing,non-spinose,0
MD95-2040,40.581833,-9.861167,4.19,symbiont-bearing,spinose,0
MD95-2040,40.581833,-9.861167,4.19,symbiont-facultative,non-spinose,61
MD95-2040,40.581833,-9.861167,4.19,symbiont-facultative,spinose,0
MD95-2040,40.581833,-9.861167,4.19,symbiont-obligate,spinose,26
MD95-2040,40.581833,-9.861167,4.19,undetermined,non-spinose,4
MD95-2040,40.581833,-9.861167,4.22,symbiont-barren,non-spinose,225
MD95-2040,40.581833,-9.861167,4.22,symbiont-barren,spinose,141
MD95-2040,40.581833,-9.861167,4.22,symbiont-bearing,non-spinose,0
MD95-2040,40.581833,-9.861167,4.22,symbiont-bearing,spinose,0
MD95-2040,40.581833,-9.861167,4.22,symbiont-facultative,non-spinose,83
MD95-2040,40.581833,-9.861167,4.22,symbiont-facultative,spinose,0
MD95-2040,40.581833,-9.861167,4.22,symbiont-obligate,spinose,49
MD95-2040,40.581833,-9.861167,4.22,undetermined,non-spinose,11
MD95-2040,40.581833,-9.861167,4.25,symbiont-barren,non-spinose,155
MD95-2040,40.581833,-9.861167,4.25,symbiont-barren,spinose,110
MD95-2040,40.581833,-9.861167,4.25,symbiont-bearing,non-spinose,0
MD95-2040,40.581833,-9.861167,4.25,symbiont-bearing,spinose,1
MD95-2040,40.581833,-9.861167,4.25,symbiont-facultative,non-spinose,77
MD95-2040,40.581833,-9.861167,4.25,symbiont-facultative,spinose,0
MD95-2040,40.581833,-9.861167,4.25,symbiont-obligate,spinose,20
MD95-2040,40.581833,-9.861167,4.25,undetermined,non-spinose,2
MD95-2040,40.581833,-9.861167,4.28,symbiont-barren,non-spinose,244
MD95-2040,40.581833,-9.861167,4.28,symbiont-barren,spinose,129
MD95-2040,40.581833,-9.861167,4.28,symbiont-bearing,non-spinose,0
MD95-2040,40.581833,-9.861167,4.28,symbiont-bearing,spinose,0
MD95-2040,40.581833,-9.861167,4.28,symbiont-facultative,non-spinose,89
MD95-2040,40.581833,-9.861167,4.28,symbiont-facultative,spinose,0
MD95-2040,40.581833,-9.861167,4.28,symbiont-obligate,spinose,39
MD95-2040,40.581833,-9.861167,4.28,undetermined,non-spinose,7
MD95-2040,40.581833,-9.861167,4.31,symbiont-barren,non-spinose,228
MD95-2040,40.581833,-9.861167,4.31,symbiont-barren,spinose,173
MD95-2040,40.581833,-9.861167,4.31,symbiont-bearing,non-spinose,0
MD95-2040,40.581833,-9.861167,4.31,symbiont-bearing,spinose,0
MD95-2040,40.581833,-9.861167,4.31,symbiont-facultative,non-spinose,73
MD95-2040,40.581833,-9.861167,4.31,symbiont-facultative,spinose,1
MD95-2040,40.581833,-9.861167,4.31,symbiont-obligate,spinose,68
MD95-2040,40.581833,-9.861167,4.31,undetermined,non-spinose,6
MD95-2040,40.581833,-9.861167,4.34,symbiont-barren,non-spinose,830
MD95-2040,40.581833,-9.861167,4.34,symbiont-barren,spinose,385
MD95-2040,40.581833,-9.861167,4.34,symbiont-bearing,non-spinose,0
MD95-2040,40.581833,-9.861167,4.34,symbiont-bearing,spinose,1
MD95-2040,40.581833,-9.861167,4.34,symbiont-facultative,non-spinose,500
MD95-2040,40.581833,-9.861167,4.34,symbiont-facultative,spinose,0
MD95-2040,40.581833,-9.861167,4.34,symbiont-obligate,spinose,40
MD95-2040,40.581833,-9.861167,4.34,undetermined,non-spinose,9
MD95-2040,40.581833,-9.861167,4.37,symbiont-barren,non-spinose,152
MD95-2040,40.581833,-9.861167,4.37,symbiont-barren,spinose,68
MD95-2040,40.581833,-9.861167,4.37,symbiont-bearing,non-spinose,0
MD95-2040,40.581833,-9.861167,4.37,symbiont-bearing,spinose,0
MD95-2040,40.581833,-9.861167,4.37,symbiont-facultative,non-spinose,53
MD95-2040,40.581833,-9.861167,4.37,symbiont-facultative,spinose,0
MD95-2040,40.581833,-9.861167,4.37,symbiont-obligate,spinose,30
MD95-2040,40.581833,-9.861167,4.37,undetermined,non-spinose,2
MD95-2040,40.581833,-9.861167,4.4,symbiont-barren,non-spinose,302
MD95-2040,40.581833,-9.861167,4.4,symbiont-barren,spinose,130
MD95-2040,40.581833,-9.861167,4.4,symbiont-bearing,non-spinose,0
MD95-2040,40.581833,-9.861167,4.4,symbiont-bearing,spinose,0
MD95-2040,40.581833,-9.861167,4.4,symbiont-facultative,non-spinose,102
MD95-2040,40.581833,-9.861167,4.4,symbiont-facultative,spinose,0
MD95-2040,40.581833,-9.861167,4.4,symbiont-obligate,spinose,33
MD95-2040,40.581833,-9.861167,4.4,undetermined,non-spinose,4
MD95-2040,40.581833,-9.861167,4.43,symbiont-barren,non-spinose,317
MD95-2040,40.581833,-9.861167,4.43,symbiont-barren,spinose,168
MD95-2040,40.581833,-9.861167,4.43,symbiont-bearing,non-spinose,0
MD95-2040,40.581833,-9.861167,4.43,symbiont-bearing,spinose,1
MD95-2040,40.581833,-9.861167,4.43,symbiont-facultative,non-spinose,149
MD95-2040,40.581833,-9.861167,4.43,symbiont-facultative,spinose,0
MD95-2040,40.581833,-9.861167,4.43,symbiont-obligate,spinose,46
MD95-2040,40.581833,-9.861167,4.43,undetermined,non-spinose,5
MD95-2040,40.581833,-9.861167,4.46,symbiont-barren,non-spinose,419
MD95-2040,40.581833,-9.861167,4.46,symbiont-barren,spinose,200
MD95-2040,40.581833,-9.861167,4.46,symbiont-bearing,non-spinose,0
MD95-2040,40.581833,-9.861167,4.46,symbiont-bearing,spinose,1
MD95-2040,40.581833,-9.861167,4.46,symbiont-facultative,non-spinose,159
MD95-2040,40.581833,-9.861167,4.46,symbiont-facultative,spinose,0
MD95-2040,40.581833,-9.861167,4.46,symbiont-obligate,spinose,42
MD95-2040,40.581833,-9.861167,4.46,undetermined,non-spinose,9
MD95-2040,40.581833,-9.861167,4.49,symbiont-barren,non-spinose,332
MD95-2040,40.581833,-9.861167,4.49,symbiont-barren,spinose,163
MD95-2040,40.581833,-9.861167,4.49,symbiont-bearing,non-spinose,0
MD95-2040,40.581833,-9.861167,4.49,symbiont-bearing,spinose,0
MD95-2040,40.581833,-9.861167,4.49,symbiont-facultative,non-spinose,150
MD95-2040,40.581833,-9.861167,4.49,symbiont-facultative,spinose,0
MD95-2040,40.581833,-9.861167,4.49,symbiont-obligate,spinose,50
MD95-2040,40.581833,-9.861167,4.49,undetermined,non-spinose,9
MD95-2040,40.581833,-9.861167,4.52,symbiont-barren,non-spinose,476
MD95-2040,40.581833,-9.861167,4.52,symbiont-barren,spinose,181
MD95-2040,40.581833,-9.861167,4.52,symbiont-bearing,non-spinose,0
MD95-2040,40.581833,-9.861167,4.52,symbiont-bearing,spinose,1
MD95-2040,40.581833,-9.861167,4.52,symbiont-facultative,non-spinose,117
MD95-2040,40.581833,-9.861167,4.52,symbiont-facultative,spinose,0
MD95-2040,40.581833,-9.861167,4.52,symbiont-obligate,spinose,27
MD95-2040,40.581833,-9.861167,4.52,undetermined,non-spinose,7
MD95-2040,40.581833,-9.861167,4.55,symbiont-barren,non-spinose,288
MD95-2040,40.581833,-9.861167,4.55,symbiont-barren,spinose,174
MD95-2040,40.581833,-9.861167,4.55,symbiont-bearing,non-spinose,0
MD95-2040,40.581833,-9.861167,4.55,symbiont-bearing,spinose,1
MD95-2040,40.581833,-9.861167,4.55,symbiont-facultative,non-spinose,117
MD95-2040,40.581833,-9.861167,4.55,symbiont-facultative,spinose,0
MD95-2040,40.581833,-9.861167,4.55,symbiont-obligate,spinose,42
MD95-2040,40.581833,-9.861167,4.55,undetermined,non-spinose,4
MD95-2040,40.581833,-9.861167,4.58,symbiont-barren,non-spinose,233
MD95-2040,40.581833,-9.861167,4.58,symbiont-barren,spinose,107
MD95-2040,40.581833,-9.861167,4.58,symbiont-bearing,non-spinose,0
MD95-2040,40.581833,-9.861167,4.58,symbiont-bearing,spinose,0
MD95-2040,40.581833,-9.861167,4.58,symbiont-facultative,non-spinose,86
MD95-2040,40.581833,-9.861167,4.58,symbiont-facultative,spinose,0
MD95-2040,40.581833,-9.861167,4.58,symbiont-obligate,spinose,48
MD95-2040,40.581833,-9.861167,4.58,undetermined,non-spinose,4
MD95-2040,40.581833,-9.861167,4.61,symbiont-barren,non-spinose,259
MD95-2040,40.581833,-9.861167,4.61,symbiont-barren,spinose,161
MD95-2040,40.581833,-9.861167,4.61,symbiont-bearing,non-spinose,0
MD95-2040,40.581833,-9.861167,4.61,symbiont-bearing,spinose,0
MD95-2040,40.581833,-9.861167,4.61,symbiont-facultative,non-spinose,109
MD95-2040,40.581833,-9.861167,4.61,symbiont-facultative,spinose,0
MD95-2040,40.581833,-9.861167,4.61,symbiont-obligate,spinose,44
MD95-2040,40.581833,-9.861167,4.61,undetermined,non-spinose,6
MD95-2040,40.581833,-9.861167,4.64,symbiont-barren,non-spinose,288
MD95-2040,40.581833,-9.861167,4.64,symbiont-barren,spinose,185
MD95-2040,40.581833,-9.861167,4.64,symbiont-bearing,non-spinose,0
MD95-2040,40.581833,-9.861167,4.64,symbiont-bearing,spinose,1
MD95-2040,40.581833,-9.861167,4.64,symbiont-facultative,non-spinose,132
MD95-2040,40.581833,-9.861167,4.64,symbiont-facultative,spinose,0
MD95-2040,40.581833,-9.861167,4.64,symbiont-obligate,spinose,34
MD95-2040,40.581833,-9.861167,4.64,undetermined,non-spinose,2
MD95-2040,40.581833,-9.861167,4.67,symbiont-barren,non-spinose,384
MD95-2040,40.581833,-9.861167,4.67,symbiont-barren,spinose,245
MD95-2040,40.581833,-9.861167,4.67,symbiont-bearing,non-spinose,0
MD95-2040,40.581833,-9.861167,4.67,symbiont-bearing,spinose,1
MD95-2040,40.581833,-9.861167,4.67,symbiont-facultative,non-spinose,172
MD95-2040,40.581833,-9.861167,4.67,symbiont-facultative,spinose,0
MD95-2040,40.581833,-9.861167,4.67,symbiont-obligate,spinose,30
MD95-2040,40.581833,-9.861167,4.67,undetermined,non-spinose,7
MD95-2040,40.581833,-9.861167,4.7,symbiont-barren,non-spinose,236
MD95-2040,40.581833,-9.861167,4.7,symbiont-barren,spinose,175
MD95-2040,40.581833,-9.861167,4.7,symbiont-bearing,non-spinose,0
MD95-2040,40.581833,-9.861167,4.7,symbiont-bearing,spinose,0
MD95-2040,40.581833,-9.861167,4.7,symbiont-facultative,non-spinose,113
MD95-2040,40.581833,-9.861167,4.7,symbiont-facultative,spinose,0
MD95-2040,40.581833,-9.861167,4.7,symbiont-obligate,spinose,48
MD95-2040,40.581833,-9.861167,4.7,undetermined,non-spinose,9
MD95-2040,40.581833,-9.861167,4.73,symbiont-barren,non-spinose,309
MD95-2040,40.581833,-9.861167,4.73,symbiont-barren,spinose,172
MD95-2040,40.581833,-9.861167,4.73,symbiont-bearing,non-spinose,0
MD95-2040,40.581833,-9.861167,4.73,symbiont-bearing,spinose,0
MD95-2040,40.581833,-9.861167,4.73,symbiont-facultative,non-spinose,136
MD95-2040,40.581833,-9.861167,4.73,symbiont-facultative,spinose,0
MD95-2040,40.581833,-9.861167,4.73,symbiont-obligate,spinose,43
MD95-2040,40.581833,-9.861167,4.73,undetermined,non-spinose,12
MD95-2040,40.581833,-9.861167,4.76,symbiont-barren,non-spinose,296
MD95-2040,40.581833,-9.861167,4.76,symbiont-barren,spinose,197
MD95-2040,40.581833,-9.861167,4.76,symbiont-bearing,non-spinose,0
MD95-2040,40.581833,-9.861167,4.76,symbiont-bearing,spinose,0
MD95-2040,40.581833,-9.861167,4.76,symbiont-facultative,non-spinose,122
MD95-2040,40.581833,-9.861167,4.76,symbiont-facultative,spinose,0
MD95-2040,40.581833,-9.861167,4.76,symbiont-obligate,spinose,24
MD95-2040,40.581833,-9.861167,4.76,undetermined,non-spinose,5
MD95-2040,40.581833,-9.861167,4.79,symbiont-barren,non-spinose,319
MD95-2040,40.581833,-9.861167,4.79,symbiont-barren,spinose,154
MD95-2040,40.581833,-9.861167,4.79,symbiont-bearing,non-spinose,0
MD95-2040,40.581833,-9.861167,4.79,symbiont-bearing,spinose,0
MD95-2040,40.581833,-9.861167,4.79,symbiont-facultative,non-spinose,106
MD95-2040,40.581833,-9.861167,4.79,symbiont-facultative,spinose,0
MD95-2040,40.581833,-9.861167,4.79,symbiont-obligate,spinose,46
MD95-2040,40.581833,-9.861167,4.79,undetermined,non-spinose,2
MD95-2040,40.581833,-9.861167,4.82,symbiont-barren,non-spinose,225
MD95-2040,40.581833,-9.861167,4.82,symbiont-barren,spinose,123
MD95-2040,40.581833,-9.861167,4.82,symbiont-bearing,non-spinose,0
MD95-2040,40.581833,-9.861167,4.82,symbiont-bearing,spinose,0
MD95-2040,40.581833,-9.861167,4.82,symbiont-facultative,non-spinose,82
MD95-2040,40.581833,-9.861167,4.82,symbiont-facultative,spinose,0
MD95-2040,40.581833,-9.861167,4.82,symbiont-obligate,spinose,30
MD95-2040,40.581833,-9.861167,4.82,undetermined,non-spinose,2
MD95-2040,40.581833,-9.861167,4.85,symbiont-barren,non-spinose,196
MD95-2040,40.581833,-9.861167,4.85,symbiont-barren,spinose,94
MD95-2040,40.581833,-9.861167,4.85,symbiont-bearing,non-spinose,0
MD95-2040,40.581833,-9.861167,4.85,symbiont-bearing,spinose,0
MD95-2040,40.581833,-9.861167,4.85,symbiont-facultative,non-spinose,55
MD95-2040,40.581833,-9.861167,4.85,symbiont-facultative,spinose,0
MD95-2040,40.581833,-9.861167,4.85,symbiont-obligate,spinose,16
MD95-2040,40.581833,-9.861167,4.85,undetermined,non-spinose,2
MD95-2040,40.581833,-9.861167,4.88,symbiont-barren,non-spinose,228
MD95-2040,40.581833,-9.861167,4.88,symbiont-barren,spinose,84
MD95-2040,40.581833,-9.861167,4.88,symbiont-bearing,non-spinose,0
MD95-2040,40.581833,-9.861167,4.88,symbiont-bearing,spinose,0
MD95-2040,40.581833,-9.861167,4.88,symbiont-facultative,non-spinose,35
MD95-2040,40.581833,-9.861167,4.88,symbiont-facultative,spinose,0
MD95-2040,40.581833,-9.861167,4.88,symbiont-obligate,spinose,19
MD95-2040,40.581833,-9.861167,4.88,undetermined,non-spinose,0
